update world.creature_loot_template set Chance=100 where QuestRequired=1; -- 任务物品100%掉落
update world.item_template set stackable=200 where stackable=20;
update world.item_template set stackable=1000 where entry=6265; -- 灵魂碎片
UPDATE `world`.`item_template` SET `maxcount`='0' WHERE `entry`='6265';
update auth.realmlist set gamebuild=13930 where id=1; 
delete from world.item_template where entry=60000;
delete from world.creature_template where entry >= 43500;
delete from world.creature_template_movement where CreatureId >= 44000;
delete from world.creature_equip_template where CreatureID >= 44000;
delete from world.creature_template_spell where CreatureID >= 44000;
delete from world.creature_template_resistance where CreatureID >= 44000;
delete from world.quest_template where ID>=27000;
delete from world.creature_queststarter where quest>=27000;
delete from world.creature_questender where quest>=27000;
delete from world.creature_template_movement where creatureid >= 45000;


delete from world.playercreateinfo_item;
insert into world.playercreateinfo_item (`race`, `class`, `itemid`, `amount`) VALUES ('0', '6', '40582', '-1');
INSERT INTO `world`.`playercreateinfo_item` (`race`, `class`, `itemid`, `amount`) VALUES ('0', '0', '3914', '2');
INSERT INTO `world`.`playercreateinfo_item` (`race`, `class`, `itemid`, `amount`) VALUES ('0', '0', '60000', '1'); -- tele bookplayercreateinfo_item
INSERT INTO `world`.`playercreateinfo_item` (`race`, `class`, `itemid`, `amount`) VALUES ('0', '0', '38050', '1'); -- vendor
insert into world.playercreateinfo_item (`race`, `class`, `itemid`, `amount`) VALUES ('0', '0', '11000', '1'); 
insert into world.playercreateinfo_item (`race`, `class`, `itemid`, `amount`) VALUES ('0', '0', '11602', '1');
insert into world.playercreateinfo_item (`race`, `class`, `itemid`, `amount`) VALUES ('0', '0', '28395', '1');
insert into world.playercreateinfo_item (`race`, `class`, `itemid`, `amount`) VALUES ('0', '0', '24490', '1');

-- 种族 - 职业技能
delete from world.playercreateinfo_action where action>=87200;
-- 巨魔 法师
INSERT INTO `world`.`playercreateinfo_action` (`race`, `class`, `button`, `action`, `type`) VALUES ('8', '8', '3', '87201', '0');

-- 血精灵 法师
INSERT INTO `world`.`playercreateinfo_action` (`race`, `class`, `button`, `action`, `type`) VALUES ('10', '8', '3', '87204', '0');
INSERT INTO `world`.`spell_script_names` (`spell_id`, `ScriptName`) VALUES ('87204', 'spell_sunwell_power');

 -- 翠绿魔珠
INSERT INTO `world`.`creature_template` (`entry`, `difficulty_entry_1`, `difficulty_entry_2`, `difficulty_entry_3`, `KillCredit1`, `KillCredit2`, `modelid1`, `modelid2`, `modelid3`, `modelid4`, `name`, `subname`, `IconName`, `gossip_menu_id`, `minlevel`, `maxlevel`, `exp`, `faction`, `npcflag`, `speed_walk`, `speed_run`, `scale`, `rank`, `dmgschool`, `BaseAttackTime`, `RangeAttackTime`, `BaseVariance`, `RangeVariance`, `unit_class`, `unit_flags`, `unit_flags2`, `dynamicflags`, `family`, `type`, `type_flags`, `lootid`, `pickpocketloot`, `skinloot`, `PetSpellDataId`, `VehicleId`, `mingold`, `maxgold`, `AIName`, `MovementType`, `HoverHeight`, `HealthModifier`, `ManaModifier`, `ArmorModifier`, `DamageModifier`, `ExperienceModifier`, `RacialLeader`, `movementId`, `RegenHealth`, `mechanic_immune_mask`, `spell_school_immune_mask`, `flags_extra`, `ScriptName`, `VerifiedBuild`) VALUES 
('46031', '0', '0', '0', '0', '0', '29485', '0', '0', '0', '魔珠', '', '', '0', '1', '80', '0', '14', '0', '1', '1.14286', '0.1', '0', '0', '2000', '2000', '1', '1', '1', '33555200', '2048', '0', '0', '3', '72', '0', '0', '0', '0', '0', '0', '0', 'AssistanceAI', '0', '1', '1', '0', '1', '1', '1', '0', '0', '1', '0', '0', '64', 'AssistanceAI', '12340');
INSERT INTO `world`.`spell_script_names` (`spell_id`, `ScriptName`) VALUES ('87203', 'spell_summon_green_gem');


-- 亡灵法师
INSERT INTO `world`.`playercreateinfo_action` (`race`, `class`, `button`, `action`, `type`) VALUES ('5', '8', '3', '87205', '0');
INSERT INTO `world`.`creature_template` (`entry`, `difficulty_entry_1`, `difficulty_entry_2`, `difficulty_entry_3`, `KillCredit1`, `KillCredit2`, `modelid1`, `modelid2`, `modelid3`, `modelid4`, `name`, `subname`, `IconName`, `gossip_menu_id`, `minlevel`, `maxlevel`, `exp`, `faction`, `npcflag`, `speed_walk`, `speed_run`, `scale`, `rank`, `dmgschool`, `BaseAttackTime`, `RangeAttackTime`, `BaseVariance`, `RangeVariance`, `unit_class`, `unit_flags`, `unit_flags2`, `dynamicflags`, `family`, `type`, `type_flags`, `lootid`, `pickpocketloot`, `skinloot`, `PetSpellDataId`, `VehicleId`, `mingold`, `maxgold`, `AIName`, `MovementType`, `HoverHeight`, `HealthModifier`, `ManaModifier`, `ArmorModifier`, `DamageModifier`, `ExperienceModifier`, `RacialLeader`, `movementId`, `RegenHealth`, `mechanic_immune_mask`, `spell_school_immune_mask`, `flags_extra`, `ScriptName`, `VerifiedBuild`) VALUES ('46000', '0', '0', '0', '0', '0', '11397', '0', '0', '0', '亡骨巫师', '', '', '0', '1', '80', '0', '21', '0', '1', '1.14286', '1', '0', '0', '2000', '2000', '1', '1', '2', '0', '2048', '0', '0', '6', '0', '0', '0', '0', '0', '0', '0', '0', 'AssistanceAI', '1', '1', '1', '1', '1', '1', '1', '0', '0', '1', '8388624', '0', '0', '', '12340');
UPDATE `world`.`creature_template` SET `scale`='0.65', `mechanic_immune_mask`='0', `ScriptName`='AssistanceAI' WHERE `entry`='46000';
INSERT INTO `world`.`creature_template_spell` (`CreatureID`, `Index`, `Spell`, `VerifiedBuild`) VALUES ('46000', '1', '87206', '12340');
INSERT INTO `world`.`creature_template_spell` (`CreatureID`, `Index`, `Spell`, `VerifiedBuild`) VALUES ('46000', '0', '87207', '12340');
UPDATE `world`.`creature_template` SET `HealthModifier`='0.2' WHERE `entry`='46000';

-- 侏儒法师
INSERT INTO `world`.`creature_template` (`entry`, `difficulty_entry_1`, `difficulty_entry_2`, `difficulty_entry_3`, `KillCredit1`, `KillCredit2`, `modelid1`, `modelid2`, `modelid3`, `modelid4`, `name`, `subname`, `IconName`, `gossip_menu_id`, `minlevel`, `maxlevel`, `exp`, `faction`, `npcflag`, `speed_walk`, `speed_run`, `scale`, `rank`, `dmgschool`, `BaseAttackTime`, `RangeAttackTime`, `BaseVariance`, `RangeVariance`, `unit_class`, `unit_flags`, `unit_flags2`, `dynamicflags`, `family`, `type`, `type_flags`, `lootid`, `pickpocketloot`, `skinloot`, `PetSpellDataId`, `VehicleId`, `mingold`, `maxgold`, `AIName`, `MovementType`, `HoverHeight`, `HealthModifier`, `ManaModifier`, `ArmorModifier`, `DamageModifier`, `ExperienceModifier`, `RacialLeader`, `movementId`, `RegenHealth`, `mechanic_immune_mask`, `spell_school_immune_mask`, `flags_extra`, `ScriptName`, `VerifiedBuild`) VALUES ('46001', '0', '0', '0', '0', '0', '7920', '0', '0', '0', '聪明的机械小鸡', '', '', '0', '1', '80', '0', '188', '0', '1', '1.14286', '1', '0', '0', '2000', '2200', '1', '1', '1', '0', '2048', '0', '0', '12', '0', '0', '0', '0', '0', '0', '0', '0', 'AssistanceAI', '0', '1', '0.1', '1', '1', '1', '1', '0', '0', '1', '0', '0', '66', 'AssistanceAI', '12340');
INSERT INTO `world`.`creature_template_spell` (`CreatureID`, `Index`, `Spell`, `VerifiedBuild`) VALUES ('46001', '0', '87209', '12340');
INSERT INTO `world`.`creature_template_spell` (`CreatureID`, `Index`, `Spell`, `VerifiedBuild`) VALUES ('46001', '1', '87211', '12340');
INSERT INTO `world`.`playercreateinfo_action` (`race`, `class`, `button`, `action`, `type`) VALUES ('7', '8', '2', '87208', '0');
INSERT INTO `world`.`spell_script_names` (`spell_id`, `ScriptName`) VALUES ('87210', 'spell_smart_chicken_aura');

-- 人类法师
INSERT INTO `world`.`spell_script_names` (`spell_id`, `ScriptName`) VALUES ('87212', 'spell_human_mage');
INSERT INTO `world`.`playercreateinfo_action` (`race`, `class`, `button`, `action`, `type`) VALUES ('1', '8', '2', '87212', '0');

-- 德莱尼法师
INSERT INTO `world`.`spell_script_names` (`spell_id`, `ScriptName`) VALUES ('87217', 'spell_draenei_mage_encourage');
INSERT INTO `world`.`spell_script_names` (`spell_id`, `ScriptName`) VALUES ('87218', 'spell_draenei_mage_manatrans');
INSERT INTO `world`.`spell_script_names` (`spell_id`, `ScriptName`) VALUES ('87219', 'spell_draenei_mage_learn');
INSERT INTO `world`.`playercreateinfo_action` (`race`, `class`, `button`, `action`, `type`) VALUES ('11', '8', '3', '87216', '0');

-- 魔法学徒
INSERT INTO `world`.`creature_template` (`entry`, `difficulty_entry_1`, `difficulty_entry_2`, `difficulty_entry_3`, `KillCredit1`, `KillCredit2`, `modelid1`, `modelid2`, `modelid3`, `modelid4`, `name`, `subname`, `IconName`, `gossip_menu_id`, `minlevel`, `maxlevel`, `exp`, `faction`, `npcflag`, `speed_walk`, `speed_run`, `scale`, `rank`, `dmgschool`, `BaseAttackTime`, `RangeAttackTime`, `BaseVariance`, `RangeVariance`, `unit_class`, `unit_flags`, `unit_flags2`, `dynamicflags`, `family`, `type`, `type_flags`, `lootid`, `pickpocketloot`, `skinloot`, `PetSpellDataId`, `VehicleId`, `mingold`, `maxgold`, `AIName`, `MovementType`, `HoverHeight`, `HealthModifier`, `ManaModifier`, `ArmorModifier`, `DamageModifier`, `ExperienceModifier`, `RacialLeader`, `movementId`, `RegenHealth`, `mechanic_immune_mask`, `spell_school_immune_mask`, `flags_extra`, `ScriptName`, `VerifiedBuild`) VALUES 
('46030', '0', '0', '0', '0', '0', '16201', '16223', '0', '0', '魔法学徒', '', '', '0', '1', '80', '0', '1638', '0', '1', '1.14286', '1', '0', '0', '2000', '2000', '1', '1', '8', '0', '2048', '0', '0', '7', '0', '0', '0', '0', '0', '0', '0', '0', 'AssistanceAI', '0', '1', '0.3', '0.3', '1', '1', '1', '0', '0', '1', '0', '0', '66', 'AssistanceAI', '12340');

INSERT INTO `world`.`creature_template_spell` (`CreatureID`, `Index`, `Spell`, `VerifiedBuild`) VALUES ('46030', '0', '87218', '12340');
INSERT INTO `world`.`creature_template_spell` (`CreatureID`, `Index`, `Spell`, `VerifiedBuild`) VALUES ('46030', '1', '87217', '12340');
INSERT INTO `world`.`creature_template_spell` (`CreatureID`, `Index`, `Spell`, `VerifiedBuild`) VALUES ('46030', '2', '87219', '12340');

-- 兽人术士
INSERT INTO `world`.`creature_template` (`entry`, `difficulty_entry_1`, `difficulty_entry_2`, `difficulty_entry_3`, `KillCredit1`, `KillCredit2`, `modelid1`, `modelid2`, `modelid3`, `modelid4`, `name`, `subname`, `IconName`, `gossip_menu_id`, `minlevel`, `maxlevel`, `exp`, `faction`, `npcflag`, `speed_walk`, `speed_run`, `scale`, `rank`, `dmgschool`, `BaseAttackTime`, `RangeAttackTime`, `BaseVariance`, `RangeVariance`, `unit_class`, `unit_flags`, `unit_flags2`, `dynamicflags`, `family`, `type`, `type_flags`, `lootid`, `pickpocketloot`, `skinloot`, `PetSpellDataId`, `VehicleId`, `mingold`, `maxgold`, `AIName`, `MovementType`, `HoverHeight`, `HealthModifier`, `ManaModifier`, `ArmorModifier`, `DamageModifier`, `ExperienceModifier`, `RacialLeader`, `movementId`, `RegenHealth`, `mechanic_immune_mask`, `spell_school_immune_mask`, `flags_extra`, `ScriptName`, `VerifiedBuild`) VALUES 
('46002', '0', '0', '0', '0', '0', '12190', '0', '0', '0', '游荡的小鬼', '', '', '0', '1', '80', '0', '54', '0', '1', '1.14286', '1', '0', '0', '2000', '2200', '1', '1', '1', '0', '2048', '0', '0', '4', '0', '0', '0', '0', '0', '0', '0', '0', 'AssistanceAI', '1', '1', '0.1', '1', '1', '1', '1', '0', '0', '1', '0', '0', '0', 'AssistanceAI', '12340');
UPDATE `world`.`creature_template` SET `scale`='0.2' WHERE `entry`='46002';
UPDATE `world`.`creature_template` SET `DamageModifier`='0.4' WHERE `entry`='46002';
INSERT INTO `world`.`creature_template_spell` (`CreatureID`, `Index`, `Spell`, `VerifiedBuild`) VALUES ('46002', '0', '87278', '12340');
INSERT INTO `world`.`creature_template_spell` (`CreatureID`, `Index`, `Spell`, `VerifiedBuild`) VALUES ('46002', '1', '87252', '12340');
INSERT INTO `world`.`playercreateinfo_action` (`race`, `class`, `button`, `action`, `type`) VALUES ('2', '9', '3', '87250', '0');
INSERT INTO `world`.`spell_script_names` (`spell_id`, `ScriptName`) VALUES ('87278', 'spell_wild_imp_enhance_master');


-- 侏儒术士
INSERT INTO `world`.`playercreateinfo_action` (`race`, `class`, `button`, `action`, `type`) VALUES ('7', '9', '2', '87253', '0');
INSERT INTO `world`.`spell_script_names` (`spell_id`, `ScriptName`) VALUES ('87253', 'spell_gnome_warlock');
INSERT INTO `world`.`creature_template` (`entry`, `difficulty_entry_1`, `difficulty_entry_2`, `difficulty_entry_3`, `KillCredit1`, `KillCredit2`, `modelid1`, `modelid2`, `modelid3`, `modelid4`, `name`, `subname`, `IconName`, `gossip_menu_id`, `minlevel`, `maxlevel`, `exp`, `faction`, `npcflag`, `speed_walk`, `speed_run`, `scale`, `rank`, `dmgschool`, `BaseAttackTime`, `RangeAttackTime`, `BaseVariance`, `RangeVariance`, `unit_class`, `unit_flags`, `unit_flags2`, `dynamicflags`, `family`, `type`, `type_flags`, `lootid`, `pickpocketloot`, `skinloot`, `PetSpellDataId`, `VehicleId`, `mingold`, `maxgold`, `AIName`, `MovementType`, `HoverHeight`, `HealthModifier`, `ManaModifier`, `ArmorModifier`, `DamageModifier`, `ExperienceModifier`, `RacialLeader`, `movementId`, `RegenHealth`, `mechanic_immune_mask`, `spell_school_immune_mask`, `flags_extra`, `ScriptName`, `VerifiedBuild`) VALUES 
('46003', '0', '0', '0', '0', '0', '850', '0', '0', '0', '地狱猎犬', '', '', '0', '1', '80', '0', '90', '0', '1', '1.14286', '1', '0', '0', '2000', '2000', '1', '1', '2', '0', '2048', '0', '15', '3', '0', '0', '0', '0', '0', '0', '0', '0', 'AssistanceAI', '1', '1', '0.5', '1', '1', '1', '1', '0', '0', '1', '0', '0', '0', 'AssistanceAI', '12340');
INSERT INTO `world`.`creature_template` (`entry`, `difficulty_entry_1`, `difficulty_entry_2`, `difficulty_entry_3`, `KillCredit1`, `KillCredit2`, `modelid1`, `modelid2`, `modelid3`, `modelid4`, `name`, `subname`, `IconName`, `gossip_menu_id`, `minlevel`, `maxlevel`, `exp`, `faction`, `npcflag`, `speed_walk`, `speed_run`, `scale`, `rank`, `dmgschool`, `BaseAttackTime`, `RangeAttackTime`, `BaseVariance`, `RangeVariance`, `unit_class`, `unit_flags`, `unit_flags2`, `dynamicflags`, `family`, `type`, `type_flags`, `lootid`, `pickpocketloot`, `skinloot`, `PetSpellDataId`, `VehicleId`, `mingold`, `maxgold`, `AIName`, `MovementType`, `HoverHeight`, `HealthModifier`, `ManaModifier`, `ArmorModifier`, `DamageModifier`, `ExperienceModifier`, `RacialLeader`, `movementId`, `RegenHealth`, `mechanic_immune_mask`, `spell_school_immune_mask`, `flags_extra`, `ScriptName`, `VerifiedBuild`) VALUES 
('46004', '0', '0', '0', '0', '0', '4162', '0', '0', '0', '魅魔', '', '', '0', '1', '80', '0', '90', '0', '1.1', '1.14286', '1', '0', '0', '2000', '2000', '1', '1', '2', '0', '2048', '0', '17', '3', '0', '0', '0', '0', '0', '0', '0', '0', 'AssistanceAI', '1', '1', '0.6', '1', '1', '1', '1', '0', '0', '1', '0', '0', '0', 'AssistanceAI', '12340');
INSERT INTO `world`.`creature_template` (`entry`, `difficulty_entry_1`, `difficulty_entry_2`, `difficulty_entry_3`, `KillCredit1`, `KillCredit2`, `modelid1`, `modelid2`, `modelid3`, `modelid4`, `name`, `subname`, `IconName`, `gossip_menu_id`, `minlevel`, `maxlevel`, `exp`, `faction`, `npcflag`, `speed_walk`, `speed_run`, `scale`, `rank`, `dmgschool`, `BaseAttackTime`, `RangeAttackTime`, `BaseVariance`, `RangeVariance`, `unit_class`, `unit_flags`, `unit_flags2`, `dynamicflags`, `family`, `type`, `type_flags`, `lootid`, `pickpocketloot`, `skinloot`, `PetSpellDataId`, `VehicleId`, `mingold`, `maxgold`, `AIName`, `MovementType`, `HoverHeight`, `HealthModifier`, `ManaModifier`, `ArmorModifier`, `DamageModifier`, `ExperienceModifier`, `RacialLeader`, `movementId`, `RegenHealth`, `mechanic_immune_mask`, `spell_school_immune_mask`, `flags_extra`, `ScriptName`, `VerifiedBuild`) VALUES 
('46005', '0', '0', '0', '0', '0', '9129', '0', '0', '0', '恶魔卫士', '', '', '0', '1', '80', '0', '90', '0', '1', '1.14286', '1', '0', '0', '2000', '2000', '1', '1', '1', '0', '2048', '0', '0', '3', '0', '0', '0', '0', '0', '0', '0', '0', 'AssistanceAI', '1', '1', '0.8', '1', '1', '1', '1', '0', '0', '1', '0', '0', '0', 'AssistanceAI', '12340');
INSERT INTO `world`.`creature_template` (`entry`, `difficulty_entry_1`, `difficulty_entry_2`, `difficulty_entry_3`, `KillCredit1`, `KillCredit2`, `modelid1`, `modelid2`, `modelid3`, `modelid4`, `name`, `subname`, `IconName`, `gossip_menu_id`, `minlevel`, `maxlevel`, `exp`, `faction`, `npcflag`, `speed_walk`, `speed_run`, `scale`, `rank`, `dmgschool`, `BaseAttackTime`, `RangeAttackTime`, `BaseVariance`, `RangeVariance`, `unit_class`, `unit_flags`, `unit_flags2`, `dynamicflags`, `family`, `type`, `type_flags`, `lootid`, `pickpocketloot`, `skinloot`, `PetSpellDataId`, `VehicleId`, `mingold`, `maxgold`, `AIName`, `MovementType`, `HoverHeight`, `HealthModifier`, `ManaModifier`, `ArmorModifier`, `DamageModifier`, `ExperienceModifier`, `RacialLeader`, `movementId`, `RegenHealth`, `mechanic_immune_mask`, `spell_school_immune_mask`, `flags_extra`, `ScriptName`, `VerifiedBuild`) VALUES
('46006', '0', '0', '0', '0', '0', '5049', '0', '0', '0', '末日守卫', '', '', '0', '1', '80', '0', '90', '0', '1', '1.14286', '1', '0', '0', '2000', '2000', '1', '1', '1', '0', '2048', '0', '0', '3', '0', '0', '0', '0', '0', '0', '0', '0', 'AssistanceAI', '1', '1', '1', '1', '1', '1', '1', '0', '0', '1', '0', '0', '0', 'AssistanceAI', '12340');
INSERT INTO `world`.`creature_equip_template` (`CreatureID`, `ID`, `ItemID1`, `ItemID2`, `ItemID3`, `VerifiedBuild`) VALUES ('46005', '1', '22199', '0', '0', '18019');
UPDATE `world`.`creature_template` SET `modelid1` = '14255', `scale` = '1' WHERE (`entry` = '46005');

INSERT INTO `world`.`creature_template` (`entry`, `difficulty_entry_1`, `difficulty_entry_2`, `difficulty_entry_3`, `KillCredit1`, `KillCredit2`, `modelid1`, `modelid2`, `modelid3`, `modelid4`, `name`, `subname`, `IconName`, `gossip_menu_id`, `minlevel`, `maxlevel`, `exp`, `faction`, `npcflag`, `speed_walk`, `speed_run`, `scale`, `rank`, `dmgschool`, `BaseAttackTime`, `RangeAttackTime`, `BaseVariance`, `RangeVariance`, `unit_class`, `unit_flags`, `unit_flags2`, `dynamicflags`, `family`, `type`, `type_flags`, `lootid`, `pickpocketloot`, `skinloot`, `PetSpellDataId`, `VehicleId`, `mingold`, `maxgold`, `AIName`, `MovementType`, `HoverHeight`, `HealthModifier`, `ManaModifier`, `ArmorModifier`, `DamageModifier`, `ExperienceModifier`, `RacialLeader`, `movementId`, `RegenHealth`, `mechanic_immune_mask`, `spell_school_immune_mask`, `flags_extra`, `ScriptName`, `VerifiedBuild`) VALUES 
('46015', '0', '0', '0', '0', '0', '18916', '0', '0', '0', '魔眼', '', '', '0', '1', '80', '0', '16', '0', '1', '1.14286', '0.2', '0', '0', '2000', '2000', '1', '1', '1', '0', '2048', '0', '0', '3', '0', '0', '0', '0', '0', '0', '0', '0', 'AssistanceAI', '1', '1', '1', '0.3', '1', '0.9', '1', '0', '0', '1', '0', '0', '0', 'AssistanceAI', '12340');
INSERT INTO `world`.`creature_template` (`entry`, `difficulty_entry_1`, `difficulty_entry_2`, `difficulty_entry_3`, `KillCredit1`, `KillCredit2`, `modelid1`, `modelid2`, `modelid3`, `modelid4`, `name`, `subname`, `IconName`, `gossip_menu_id`, `minlevel`, `maxlevel`, `exp`, `faction`, `npcflag`, `speed_walk`, `speed_run`, `scale`, `rank`, `dmgschool`, `BaseAttackTime`, `RangeAttackTime`, `BaseVariance`, `RangeVariance`, `unit_class`, `unit_flags`, `unit_flags2`, `dynamicflags`, `family`, `type`, `type_flags`, `lootid`, `pickpocketloot`, `skinloot`, `PetSpellDataId`, `VehicleId`, `mingold`, `maxgold`, `AIName`, `MovementType`, `HoverHeight`, `HealthModifier`, `ManaModifier`, `ArmorModifier`, `DamageModifier`, `ExperienceModifier`, `RacialLeader`, `movementId`, `RegenHealth`, `mechanic_immune_mask`, `spell_school_immune_mask`, `flags_extra`, `ScriptName`, `VerifiedBuild`) VALUES 
('46016', '0', '0', '0', '0', '0', '21503', '0', '0', '0', '狂乱祭司', '', '', '0', '1', '80', '0', '1813', '0', '1', '1.14286', '0.3', '0', '0', '2000', '2000', '1', '1', '1', '0', '2048', '0', '0', '3', '0', '0', '0', '0', '0', '0', '0', '0', 'AssistanceAI', '1', '1', '1', '0.3', '1', '1.6', '1', '0', '0', '1', '0', '0', '0', 'AssistanceAI', '12340');
INSERT INTO `world`.`creature_template` (`entry`, `difficulty_entry_1`, `difficulty_entry_2`, `difficulty_entry_3`, `KillCredit1`, `KillCredit2`, `modelid1`, `modelid2`, `modelid3`, `modelid4`, `name`, `subname`, `IconName`, `gossip_menu_id`, `minlevel`, `maxlevel`, `exp`, `faction`, `npcflag`, `speed_walk`, `speed_run`, `scale`, `rank`, `dmgschool`, `BaseAttackTime`, `RangeAttackTime`, `BaseVariance`, `RangeVariance`, `unit_class`, `unit_flags`, `unit_flags2`, `dynamicflags`, `family`, `type`, `type_flags`, `lootid`, `pickpocketloot`, `skinloot`, `PetSpellDataId`, `VehicleId`, `mingold`, `maxgold`, `AIName`, `MovementType`, `HoverHeight`, `HealthModifier`, `ManaModifier`, `ArmorModifier`, `DamageModifier`, `ExperienceModifier`, `RacialLeader`, `movementId`, `RegenHealth`, `mechanic_immune_mask`, `spell_school_immune_mask`, `flags_extra`, `ScriptName`, `VerifiedBuild`) VALUES 
('46025', '0', '0', '0', '0', '0', '4449', '0', '0', '0', '小鬼', '', '', '0', '1', '80', '0', '90', '0', '1', '1.14286', '1', '0', '0', '2000', '2000', '1', '1', '8', '0', '2048', '0', '23', '3', '0', '0', '0', '0', '0', '0', '0', '0', 'AssistanceAI', '0', '1', '0.2915', '0.2915', '0.3', '1', '1', '0', '0', '1', '0', '0', '0', 'AssistanceAI', '12340');
INSERT INTO `world`.`creature_template` (`entry`, `difficulty_entry_1`, `difficulty_entry_2`, `difficulty_entry_3`, `KillCredit1`, `KillCredit2`, `modelid1`, `modelid2`, `modelid3`, `modelid4`, `name`, `subname`, `IconName`, `gossip_menu_id`, `minlevel`, `maxlevel`, `exp`, `faction`, `npcflag`, `speed_walk`, `speed_run`, `scale`, `rank`, `dmgschool`, `BaseAttackTime`, `RangeAttackTime`, `BaseVariance`, `RangeVariance`, `unit_class`, `unit_flags`, `unit_flags2`, `dynamicflags`, `family`, `type`, `type_flags`, `lootid`, `pickpocketloot`, `skinloot`, `PetSpellDataId`, `VehicleId`, `mingold`, `maxgold`, `AIName`, `MovementType`, `HoverHeight`, `HealthModifier`, `ManaModifier`, `ArmorModifier`, `DamageModifier`, `ExperienceModifier`, `RacialLeader`, `movementId`, `RegenHealth`, `mechanic_immune_mask`, `spell_school_immune_mask`, `flags_extra`, `ScriptName`, `VerifiedBuild`) VALUES 
('46026', '0', '0', '0', '0', '0', '1132', '0', '0', '0', '虚空行者', '', '', '0', '1', '80', '0', '90', '0', '1', '1.14286', '1', '0', '0', '2000', '2000', '1', '1', '2', '0', '2048', '0', '16', '3', '0', '0', '0', '0', '0', '0', '0', '0', 'AssistanceAI', '0', '1', '1.5', '0.2915', '1.5', '1', '1', '0', '0', '1', '0', '0', '0', 'AssistanceAI', '12340');

UPDATE `world`.`creature_template` SET `speed_walk`='1', `DamageModifier`='0.6' WHERE `entry`='46004';
UPDATE `world`.`creature_template` SET `DamageModifier`='0.5' WHERE `entry`='46003';
UPDATE `world`.`creature_template` SET `scale`='0.7', `DamageModifier`='0.7' WHERE `entry`='46005';
UPDATE `world`.`creature_template` SET `modelid1`='14385', `DamageModifier`='0.8' WHERE `entry`='46006';
UPDATE `world`.`creature_template` SET `modelid1`='22809', `scale`='0.7' WHERE `entry`='46006';
INSERT INTO `world`.`creature_template_spell` (`CreatureID`, `Index`, `Spell`, `VerifiedBuild`) VALUES ('46003', '0', '87257', '12340');
INSERT INTO `world`.`creature_template_spell` (`CreatureID`, `Index`, `Spell`, `VerifiedBuild`) VALUES ('46004', '0', '87258', '12340');
INSERT INTO `world`.`creature_template_spell` (`CreatureID`, `Index`, `Spell`, `VerifiedBuild`) VALUES ('46005', '0', '87259', '12340');
INSERT INTO `world`.`creature_template_spell` (`CreatureID`, `Index`, `Spell`, `VerifiedBuild`) VALUES ('46005', '1', '87260', '12340');
INSERT INTO `world`.`creature_template_spell` (`CreatureID`, `Index`, `Spell`, `VerifiedBuild`) VALUES ('46006', '2', '87261', '12340');
INSERT INTO `world`.`creature_template_spell` (`CreatureID`, `Index`, `Spell`, `VerifiedBuild`) VALUES ('46006', '1', '87262', '12340');
INSERT INTO `world`.`creature_template_spell` (`CreatureID`, `Index`, `Spell`, `VerifiedBuild`) VALUES ('46006', '0', '87263', '12340');
INSERT INTO `world`.`creature_template_spell` (`CreatureID`, `Index`, `Spell`, `VerifiedBuild`) VALUES ('46016', '0', '87273', '12340');
INSERT INTO `world`.`creature_template_spell` (`CreatureID`, `Index`, `Spell`, `VerifiedBuild`) VALUES ('46016', '1', '87275', '12340');
INSERT INTO `world`.`creature_template_spell` (`CreatureID`, `Index`, `Spell`, `VerifiedBuild`) VALUES ('46015', '0', '87276', '12340');
INSERT INTO `world`.`creature_template_spell` (`CreatureID`, `Index`, `Spell`, `VerifiedBuild`) VALUES ('46025', '0', '85984', '12340');

-- 人类术士a
INSERT INTO `world`.`playercreateinfo_action` (`race`, `class`, `button`, `action`, `type`) VALUES ('1', '9', '9', '87265', '0');
INSERT INTO `world`.`playercreateinfo_action` (`race`, `class`, `button`, `action`, `type`) VALUES ('1', '9', '10', '87266', '0');

-- 血精灵术士
INSERT INTO `world`.`spell_script_names` (`spell_id`, `ScriptName`) VALUES ('87288', 'spell_bloodelf_warlock');
INSERT INTO `world`.`playercreateinfo_action` (`race`, `class`, `button`, `action`, `type`) VALUES ('10', '9', '3', '87269', '0');
-- 传送门
INSERT INTO `world`.`creature_template` (`entry`, `difficulty_entry_1`, `difficulty_entry_2`, `difficulty_entry_3`, `KillCredit1`, `KillCredit2`, `modelid1`, `modelid2`, `modelid3`, `modelid4`, `name`, `subname`, `IconName`, `gossip_menu_id`, `minlevel`, `maxlevel`, `exp`, `faction`, `npcflag`, `speed_walk`, `speed_run`, `scale`, `rank`, `dmgschool`, `BaseAttackTime`, `RangeAttackTime`, `BaseVariance`, `RangeVariance`, `unit_class`, `unit_flags`, `unit_flags2`, `dynamicflags`, `family`, `type`, `type_flags`, `lootid`, `pickpocketloot`, `skinloot`, `PetSpellDataId`, `VehicleId`, `mingold`, `maxgold`, `AIName`, `MovementType`, `HoverHeight`, `HealthModifier`, `ManaModifier`, `ArmorModifier`, `DamageModifier`, `ExperienceModifier`, `RacialLeader`, `movementId`, `RegenHealth`, `mechanic_immune_mask`, `spell_school_immune_mask`, `flags_extra`, `ScriptName`, `VerifiedBuild`) VALUES 
('46029', '0', '0', '0', '0', '0', '9510', '0', '0', '0', '虚空传送门', '', '', '0', '1', '80', '0', '14', '0', '0.01', '0.01', '1', '0', '0', '2000', '2000', '1', '1', '2', '33555200', '2048', '0', '0', '10', '0', '0', '0', '0', '0', '0', '0', '0', 'AssistanceAI', '0', '1', '1', '0', '1', '1', '1', '0', '0', '1', '0', '0', '64', 'AssistanceAI', '12340');

INSERT INTO `world`.`creature_template_spell` (`CreatureID`, `Index`, `Spell`, `VerifiedBuild`) VALUES ('46029', '0', '87270', '12340');

-- 亡灵术士
INSERT INTO `world`.`spell_script_names` (`spell_id`, `ScriptName`) VALUES ('87279', 'spell_undead_warlock');
INSERT INTO `world`.`spell_script_names` (`spell_id`, `ScriptName`) VALUES ('87282', 'spell_undead_warlock2');
INSERT INTO `world`.`playercreateinfo_action` (`race`, `class`, `button`, `action`, `type`) VALUES ('5', '9', '9', '87279', '0');
INSERT INTO `world`.`playercreateinfo_action` (`race`, `class`, `button`, `action`, `type`) VALUES ('5', '9', '10', '87281', '0');

-- 魔典
INSERT INTO `world`.`item_template` (`entry`, `class`, `subclass`, `SoundOverrideSubclass`, `name`, `displayid`, `Quality`, `Flags`, `FlagsExtra`, `BuyCount`, `BuyPrice`, `SellPrice`, `InventoryType`, `AllowableClass`, `AllowableRace`, `ItemLevel`, `RequiredLevel`, `RequiredSkill`, `RequiredSkillRank`, `requiredspell`, `requiredhonorrank`, `RequiredCityRank`, `RequiredReputationFaction`, `RequiredReputationRank`, `maxcount`, `stackable`, `ContainerSlots`, `StatsCount`, `stat_type1`, `stat_value1`, `stat_type2`, `stat_value2`, `stat_type3`, `stat_value3`, `stat_type4`, `stat_value4`, `stat_type5`, `stat_value5`, `stat_type6`, `stat_value6`, `stat_type7`, `stat_value7`, `stat_type8`, `stat_value8`, `stat_type9`, `stat_value9`, `stat_type10`, `stat_value10`, `ScalingStatDistribution`, `ScalingStatValue`, `dmg_min1`, `dmg_max1`, `dmg_type1`, `dmg_min2`, `dmg_max2`, `dmg_type2`, `armor`, `holy_res`, `fire_res`, `nature_res`, `frost_res`, `shadow_res`, `arcane_res`, `delay`, `ammo_type`, `RangedModRange`, `spellid_1`, `spelltrigger_1`, `spellcharges_1`, `spellppmRate_1`, `spellcooldown_1`, `spellcategory_1`, `spellcategorycooldown_1`, `spellid_2`, `spelltrigger_2`, `spellcharges_2`, `spellppmRate_2`, `spellcooldown_2`, `spellcategory_2`, `spellcategorycooldown_2`, `spellid_3`, `spelltrigger_3`, `spellcharges_3`, `spellppmRate_3`, `spellcooldown_3`, `spellcategory_3`, `spellcategorycooldown_3`, `spellid_4`, `spelltrigger_4`, `spellcharges_4`, `spellppmRate_4`, `spellcooldown_4`, `spellcategory_4`, `spellcategorycooldown_4`, `spellid_5`, `spelltrigger_5`, `spellcharges_5`, `spellppmRate_5`, `spellcooldown_5`, `spellcategory_5`, `spellcategorycooldown_5`, `bonding`, `description`, `PageText`, `LanguageID`, `PageMaterial`, `startquest`, `lockid`, `Material`, `sheath`, `RandomProperty`, `RandomSuffix`, `block`, `itemset`, `MaxDurability`, `area`, `Map`, `BagFamily`, `TotemCategory`, `socketColor_1`, `socketContent_1`, `socketColor_2`, `socketContent_2`, `socketColor_3`, `socketContent_3`, `socketBonus`, `GemProperties`, `RequiredDisenchantSkill`, `ArmorDamageModifier`, `duration`, `ItemLimitCategory`, `HolidayId`, `ScriptName`, `DisenchantID`, `FoodType`, `minMoneyLoot`, `maxMoneyLoot`, `flagsCustom`, `VerifiedBuild`) VALUES ('60000', '15', '0', '-1', '穿越魔典', '6418', '5', '64', '0', '1', '0', '0', '0', '-1', '-1', '1', '0', '0', '0', '0', '0', '0', '0', '0', '1', '1', '0', '0', '0', '0', '0', '0', '0', '0', '0', '0', '0', '0', '0', '0', '0', '0', '0', '0', '0', '0', '0', '0', '0', '0', '0', '0', '0', '0', '0', '0', '0', '0', '0', '0', '0', '0', '0', '0', '0', '0', '0', '0', '0', '0', '-1', '0', '-1', '0', '0', '0', '0', '-1', '0', '-1', '0', '0', '0', '0', '-1', '0', '-1', '0', '0', '0', '0', '-1', '0', '-1', '0', '0', '0', '0', '-1', '0', '-1', '1', '', '0', '0', '0', '0', '0', '-1', '0', '0', '0', '0', '0', '0', '0', '0', '0', '0', '0', '0', '0', '0', '0', '0', '0', '0', '-1', '0', '0', '0', '0', 'telebook_script', '0', '0', '0', '0', '0', '12340');
UPDATE `world`.`item_template` SET `spellid_1`='85002', `description`='从你一睁眼开始，这本充满力量的魔典就属于你。' WHERE `entry`='60000';

-- 辅助单位
delete from world.spell_script_names where spell_id=85964;
INSERT INTO `world`.`spell_script_names` (`spell_id`, `ScriptName`) VALUES ('85964', 'spell_anetheron_vampiric_aura');

-- 山丘之王
INSERT INTO `world`.`creature_equip_template` (`CreatureID`, `ID`, `ItemID1`, `ItemID2`, `ItemID3`, `VerifiedBuild`) VALUES ('45000', '1', '40598', '40597', '0', '18019');
INSERT INTO `world`.`creature_template` (`entry`, `difficulty_entry_1`, `difficulty_entry_2`, `difficulty_entry_3`, `KillCredit1`, `KillCredit2`, `modelid1`, `modelid2`, `modelid3`, `modelid4`, `name`, `subname`, `IconName`, `gossip_menu_id`, `minlevel`, `maxlevel`, `exp`, `faction`, `npcflag`, `speed_walk`, `speed_run`, `scale`, `rank`, `dmgschool`, `BaseAttackTime`, `RangeAttackTime`, `BaseVariance`, `RangeVariance`, `unit_class`, `unit_flags`, `unit_flags2`, `dynamicflags`, `family`, `type`, `type_flags`, `lootid`, `pickpocketloot`, `skinloot`, `PetSpellDataId`, `VehicleId`, `mingold`, `maxgold`, `AIName`, `MovementType`, `HoverHeight`, `HealthModifier`, `ManaModifier`, `ArmorModifier`, `DamageModifier`, `ExperienceModifier`, `RacialLeader`, `movementId`, `RegenHealth`, `mechanic_immune_mask`, `spell_school_immune_mask`, `flags_extra`, `ScriptName`, `VerifiedBuild`) VALUES 
										('45000', '0', '0', '0', '0', '0', '29604', '0', '0', '0', '西瓦多恩', '', '', '0', '1', '80', '2', '2070', '2', '1', '1.14286', '1', '0', '0', '1500', '2000', '1', '1', '1', '0', '2048', '0', '0', '7', '0', '0', '0', '0', '0', '0', '0', '0', 'AssistanceAI', '0', '1', '1', '1', '5', '1', '1', '0', '0', '1', '0', '0', '0', 'AssistanceAI', '12340');
insert into world.creature_template_spell (`CreatureID`, `Index`, `Spell`, `VerifiedBuild`) VALUES ('45000', '0', '86000', '12340');
insert into world.creature_template_spell (`CreatureID`, `Index`, `Spell`, `VerifiedBuild`) VALUES ('45000', '1', '86002', '12340');
insert into world.creature_template_spell (`CreatureID`, `Index`, `Spell`, `VerifiedBuild`) VALUES ('45000', '2', '86004', '12340');
insert into world.creature_template_spell (`CreatureID`, `Index`, `Spell`, `VerifiedBuild`) VALUES ('45000', '3', '86001', '12340');
insert into world.creature_template_spell (`CreatureID`, `Index`, `Spell`, `VerifiedBuild`) VALUES ('45000', '4', '86003', '12340');
insert into world.creature_template_spell (`CreatureID`, `Index`, `Spell`, `VerifiedBuild`) VALUES ('45000', '5', '86007', '12340');
UPDATE `world`.`creature_template` SET `modelid1`='3524', `modelid2`='3525', `modelid3`='3526', `modelid4`='3527', `name`='山丘之王', `subname`='', `faction`='57', `HealthModifier`='2' WHERE `entry`='45000';
UPDATE `world`.`creature_equip_template` SET `ItemID2`='5286' WHERE `CreatureID`='45000' and`ID`='1';

-- 守望者
INSERT INTO `world`.`creature_equip_template` (`CreatureID`, `ID`, `ItemID1`, `ItemID2`, `ItemID3`, `VerifiedBuild`) VALUES ('45001', '1', '5289', '0', '2507', '18019');
INSERT INTO `world`.`creature_template` (`entry`, `difficulty_entry_1`, `difficulty_entry_2`, `difficulty_entry_3`, `KillCredit1`, `KillCredit2`, `modelid1`, `modelid2`, `modelid3`, `modelid4`, `name`, `subname`, `IconName`, `gossip_menu_id`, `minlevel`, `maxlevel`, `exp`, `faction`, `npcflag`, `speed_walk`, `speed_run`, `scale`, `rank`, `dmgschool`, `BaseAttackTime`, `RangeAttackTime`, `BaseVariance`, `RangeVariance`, `unit_class`, `unit_flags`, `unit_flags2`, `dynamicflags`, `family`, `type`, `type_flags`, `lootid`, `pickpocketloot`, `skinloot`, `PetSpellDataId`, `VehicleId`, `mingold`, `maxgold`, `AIName`, `MovementType`, `HoverHeight`, `HealthModifier`, `ManaModifier`, `ArmorModifier`, `DamageModifier`, `ExperienceModifier`, `RacialLeader`, `movementId`, `RegenHealth`, `mechanic_immune_mask`, `spell_school_immune_mask`, `flags_extra`, `ScriptName`, `VerifiedBuild`) VALUES 
('45001', '0', '0', '0', '0', '0', '21349', '0', '0', '0', '守望者', '', '', '0', '1', '80', '1', '1859', '0', '1', '1.14286', '0.4', '0', '0', '1000', '2000', '1', '1', '1', '0', '2048', '0', '0', '7', '0', '0', '0', '0', '0', '0', '0', '0', 'AssistanceAI', '0', '1', '1.1', '1', '1', '1.3', '1', '0', '0', '1', '0', '0', '0', 'AssistanceAI', '12340');
insert into world.creature_template_spell (`CreatureID`, `Index`, `Spell`, `VerifiedBuild`) VALUES ('45001', '0', '85990', '12340');
insert into world.creature_template_spell (`CreatureID`, `Index`, `Spell`, `VerifiedBuild`) VALUES ('45001', '1', '85991', '12340');
insert into world.creature_template_spell (`CreatureID`, `Index`, `Spell`, `VerifiedBuild`) VALUES ('45001', '2', '85992', '12340');
insert into world.creature_template_spell (`CreatureID`, `Index`, `Spell`, `VerifiedBuild`) VALUES ('45001', '3', '85993', '12340');
UPDATE `world`.`creature_equip_template` SET `ItemID1`='32425', `ItemID2`='32425', `ItemID3`='27543' WHERE `CreatureID`='45001' and`ID`='1';

  -- 复仇之魂
INSERT INTO `world`.`creature_template` (`entry`, `difficulty_entry_1`, `difficulty_entry_2`, `difficulty_entry_3`, `KillCredit1`, `KillCredit2`, `modelid1`, `modelid2`, `modelid3`, `modelid4`, `name`, `subname`, `IconName`, `gossip_menu_id`, `minlevel`, `maxlevel`, `exp`, `faction`, `npcflag`, `speed_walk`, `speed_run`, `scale`, `rank`, `dmgschool`, `BaseAttackTime`, `RangeAttackTime`, `BaseVariance`, `RangeVariance`, `unit_class`, `unit_flags`, `unit_flags2`, `dynamicflags`, `family`, `type`, `type_flags`, `lootid`, `pickpocketloot`, `skinloot`, `PetSpellDataId`, `VehicleId`, `mingold`, `maxgold`, `AIName`, `MovementType`, `HoverHeight`, `HealthModifier`, `ManaModifier`, `ArmorModifier`, `DamageModifier`, `ExperienceModifier`, `RacialLeader`, `movementId`, `RegenHealth`, `mechanic_immune_mask`, `spell_school_immune_mask`, `flags_extra`, `ScriptName`, `VerifiedBuild`) VALUES 
('46024', '0', '0', '0', '0', '0', '29267', '0', '0', '0', '复仇之魂', '', '', '0', '1', '80', '0', '2068', '0', '1', '1.14286', '0.55', '0', '0', '2000', '2000', '1', '1', '1', '32768', '2048', '0', '0', '6', '76', '0', '0', '0', '0', '0', '0', '0', 'AssistanceAI', '0', '5', '1', '0', '1', '1', '1', '0', '0', '1', '0', '0', '0', 'AssistanceAI', '12340');
insert into world.creature_template_spell (`CreatureID`, `Index`, `Spell`, `VerifiedBuild`) VALUES ('46024', '0', '85891', '12340');
insert into world.creature_template_spell (`CreatureID`, `Index`, `Spell`, `VerifiedBuild`) VALUES ('46024', '1', '85892', '12340');
INSERT INTO `world`.`creature_template_movement` (`CreatureId`, `Ground`, `Swim`, `Flight`, `Rooted`, `Chase`, `Random`) VALUES ('46024', '0', '1', '1', '0', '0', '0');

    -- 暗影萨满
INSERT INTO `world`.`creature_equip_template` (`CreatureID`, `ID`, `ItemID1`, `ItemID2`, `ItemID3`, `VerifiedBuild`) VALUES ('45002', '1', '1907', '0', '0', '18019');
INSERT INTO `world`.`creature_template` (`entry`, `difficulty_entry_1`, `difficulty_entry_2`, `difficulty_entry_3`, `KillCredit1`, `KillCredit2`, `modelid1`, `modelid2`, `modelid3`, `modelid4`, `name`, `subname`, `IconName`, `gossip_menu_id`, `minlevel`, `maxlevel`, `exp`, `faction`, `npcflag`, `speed_walk`, `speed_run`, `scale`, `rank`, `dmgschool`, `BaseAttackTime`, `RangeAttackTime`, `BaseVariance`, `RangeVariance`, `unit_class`, `unit_flags`, `unit_flags2`, `dynamicflags`, `family`, `type`, `type_flags`, `lootid`, `pickpocketloot`, `skinloot`, `PetSpellDataId`, `VehicleId`, `mingold`, `maxgold`, `AIName`, `MovementType`, `HoverHeight`, `HealthModifier`, `ManaModifier`, `ArmorModifier`, `DamageModifier`, `ExperienceModifier`, `RacialLeader`, `movementId`, `RegenHealth`, `mechanic_immune_mask`, `spell_school_immune_mask`, `flags_extra`, `ScriptName`, `VerifiedBuild`) VALUES
 ('45002', '0', '0', '0', '0', '0', '3344', '0', '0', '0', '女牧师安妮塔', '', '', '0', '0', '80', '0', '12', '2', '1', '1.14286', '1', '0', '0', '1500', '2000', '1', '1', '1', '0', '2048', '0', '0', '7', '0', '0', '0', '0', '0', '0', '0', '0', 'AssistanceAI', '0', '1', '1', '1', '1', '1', '1', '0', '0', '1', '0', '0', '0', 'AssistanceAI', '12340');
#'85980', '85982', '85981', '0', '0', '0', '0', '0'
insert into world.creature_template_spell (`CreatureID`, `Index`, `Spell`, `VerifiedBuild`) VALUES ('45002', '0', '85980', '12340');
insert into world.creature_template_spell (`CreatureID`, `Index`, `Spell`, `VerifiedBuild`) VALUES ('45002', '1', '85982', '12340');
insert into world.creature_template_spell (`CreatureID`, `Index`, `Spell`, `VerifiedBuild`) VALUES ('45002', '2', '85981', '12340');
INSERT INTO `world`.`creature_template_spell` (`CreatureID`, `Index`, `Spell`, `VerifiedBuild`) VALUES ('45002', '4', '85985', '12340');
INSERT INTO `world`.`creature_template_spell` (`CreatureID`, `Index`, `Spell`, `VerifiedBuild`) VALUES ('45002', '3', '85983', '12340');

UPDATE `world`.`creature_template` SET `modelid1`='31736', `modelid2`='10357', `name`='暗影猎手', `subname`='' WHERE `entry`='45002';
UPDATE `world`.`creature_equip_template` SET `ItemID1`='53835', `ItemID3`='14118' WHERE `CreatureID`='45002' and`ID`='1';
UPDATE `world`.`creature_template_spell` SET `Spell`='85981' WHERE `CreatureID`='45002' and`Index`='2';
UPDATE `world`.`creature_template` SET `scale`='0.83' WHERE `entry`='45002';

INSERT INTO `world`.`creature_template` (`entry`, `difficulty_entry_1`, `difficulty_entry_2`, `difficulty_entry_3`, `KillCredit1`, `KillCredit2`, `modelid1`, `modelid2`, `modelid3`, `modelid4`, `name`, `subname`, `IconName`, `gossip_menu_id`, `minlevel`, `maxlevel`, `exp`, `faction`, `npcflag`, `speed_walk`, `speed_run`, `scale`, `rank`, `dmgschool`, `BaseAttackTime`, `RangeAttackTime`, `BaseVariance`, `RangeVariance`, `unit_class`, `unit_flags`, `unit_flags2`, `dynamicflags`, `family`, `type`, `type_flags`, `lootid`, `pickpocketloot`, `skinloot`, `PetSpellDataId`, `VehicleId`, `mingold`, `maxgold`, `AIName`, `MovementType`, `HoverHeight`, `HealthModifier`, `ManaModifier`, `ArmorModifier`, `DamageModifier`, `ExperienceModifier`, `RacialLeader`, `movementId`, `RegenHealth`, `mechanic_immune_mask`, `spell_school_immune_mask`, `flags_extra`, `ScriptName`, `VerifiedBuild`) VALUES ('46007', '0', '0', '0', '0', '0', '4589', '0', '0', '0', '毒蛇守卫', '', '', '0', '1', '80', '0', '58', '0', '1', '1', '1', '0', '0', '1500', '2000', '1', '1', '1', '0', '2048', '0', '0', '11', '0', '0', '0', '0', '0', '0', '0', '0', 'AssistanceAI', '0', '1', '0.1', '1', '1', '0.5', '1', '0', '0', '1', '0', '0', '0', 'AssistanceAI', '12340');
INSERT INTO `world`.`creature_template_spell` (`CreatureID`, `Index`, `Spell`, `VerifiedBuild`) VALUES ('46007', '0', '85984', '12340');
UPDATE `world`.`creature_template` SET `modelid1`='16986', `faction`='35', `scale`='0.5' WHERE `entry`='46007';
UPDATE `world`.`creature_template` SET `speed_walk`='0', `speed_run`='0', `scale`='0.7' WHERE `entry`='46007';


-- 大法师
INSERT INTO `world`.`creature_template` (`entry`, `difficulty_entry_1`, `difficulty_entry_2`, `difficulty_entry_3`, `KillCredit1`, `KillCredit2`, `modelid1`, `modelid2`, `modelid3`, `modelid4`, `name`, `subname`, `IconName`, `gossip_menu_id`, `minlevel`, `maxlevel`, `exp`, `faction`, `npcflag`, `speed_walk`, `speed_run`, `scale`, `rank`, `dmgschool`, `BaseAttackTime`, `RangeAttackTime`, `BaseVariance`, `RangeVariance`, `unit_class`, `unit_flags`, `unit_flags2`, `dynamicflags`, `family`, `type`, `type_flags`, `lootid`, `pickpocketloot`, `skinloot`, `PetSpellDataId`, `VehicleId`, `mingold`, `maxgold`, `AIName`, `MovementType`, `HoverHeight`, `HealthModifier`, `ManaModifier`, `ArmorModifier`, `DamageModifier`, `ExperienceModifier`, `RacialLeader`, `movementId`, `RegenHealth`, `mechanic_immune_mask`, `spell_school_immune_mask`, `flags_extra`, `ScriptName`, `VerifiedBuild`) VALUES 
('45003', '0', '0', '0', '0', '0', '3767', '3768', '0', '0', '大法师', '', '', '0', '1', '80', '0', '76', '2', '1', '1.14286', '1', '0', '0', '2000', '2000', '1', '1', '8', '0', '2048', '0', '0', '7', '0', '0', '0', '0', '0', '0', '0', '0', 'AssistanceAI', '1', '1', '1', '1', '1', '1', '1', '0', '0', '1', '0', '0', '0', 'AssistanceAI', '12340');
insert into world.creature_template_spell (`CreatureID`, `Index`, `Spell`, `VerifiedBuild`) VALUES ('45003', '0', '85970', '12340');
INSERT INTO `world`.`creature_template_spell` (`CreatureID`, `Index`, `Spell`, `VerifiedBuild`) VALUES ('45003', '1', '85972', '12340');
INSERT INTO `world`.`creature_template_spell` (`CreatureID`, `Index`, `Spell`, `VerifiedBuild`) VALUES ('45003', '2', '85973', '12340');
insert into world.creature_template_spell (`CreatureID`, `Index`, `Spell`, `VerifiedBuild`) VALUES ('45003', '3', '85971', '12340');
INSERT INTO `world`.`creature_template_spell` (`CreatureID`, `Index`, `Spell`, `VerifiedBuild`) VALUES ('45003', '4', '85967', '12340');
INSERT INTO `world`.`spell_script_names` (`spell_id`, `ScriptName`) VALUES ('85908', 'spell_army_teleport');

  -- 水元素
INSERT INTO `world`.`creature_template` (`entry`, `difficulty_entry_1`, `difficulty_entry_2`, `difficulty_entry_3`, `KillCredit1`, `KillCredit2`, `modelid1`, `modelid2`, `modelid3`, `modelid4`, `name`, `subname`, `IconName`, `gossip_menu_id`, `minlevel`, `maxlevel`, `exp`, `faction`, `npcflag`, `speed_walk`, `speed_run`, `scale`, `rank`, `dmgschool`, `BaseAttackTime`, `RangeAttackTime`, `BaseVariance`, `RangeVariance`, `unit_class`, `unit_flags`, `unit_flags2`, `dynamicflags`, `family`, `type`, `type_flags`, `lootid`, `pickpocketloot`, `skinloot`, `PetSpellDataId`, `VehicleId`, `mingold`, `maxgold`, `AIName`, `MovementType`, `HoverHeight`, `HealthModifier`, `ManaModifier`, `ArmorModifier`, `DamageModifier`, `ExperienceModifier`, `RacialLeader`, `movementId`, `RegenHealth`, `mechanic_immune_mask`, `spell_school_immune_mask`, `flags_extra`, `ScriptName`, `VerifiedBuild`) VALUES 
('46009', '0', '0', '0', '0', '0', '4606', '0', '0', '0', '水元素', '', '', '0', '1', '80', '1', '67', '0', '1.23', '1.14286', '1', '0', '0', '2000', '2000', '1', '1', '1', '0', '2048', '0', '0', '4', '0', '0', '0', '0', '0', '0', '0', '0', 'AssistanceAI', '0', '1', '0.1', '1', '1', '0.4', '1', '0', '0', '1', '0', '0', '0', 'AssistanceAI', '12340');
INSERT INTO `world`.`creature_template_spell` (`CreatureID`, `Index`, `Spell`, `VerifiedBuild`) VALUES ('46009', '0', '85968', '12340');

  -- 骑士
INSERT INTO `world`.`creature_template` (`entry`, `difficulty_entry_1`, `difficulty_entry_2`, `difficulty_entry_3`, `KillCredit1`, `KillCredit2`, `modelid1`, `modelid2`, `modelid3`, `modelid4`, `name`, `subname`, `IconName`, `gossip_menu_id`, `minlevel`, `maxlevel`, `exp`, `faction`, `npcflag`, `speed_walk`, `speed_run`, `scale`, `rank`, `dmgschool`, `BaseAttackTime`, `RangeAttackTime`, `BaseVariance`, `RangeVariance`, `unit_class`, `unit_flags`, `unit_flags2`, `dynamicflags`, `family`, `type`, `type_flags`, `lootid`, `pickpocketloot`, `skinloot`, `PetSpellDataId`, `VehicleId`, `mingold`, `maxgold`, `AIName`, `MovementType`, `HoverHeight`, `HealthModifier`, `ManaModifier`, `ArmorModifier`, `DamageModifier`, `ExperienceModifier`, `RacialLeader`, `movementId`, `RegenHealth`, `mechanic_immune_mask`, `spell_school_immune_mask`, `flags_extra`, `ScriptName`, `VerifiedBuild`) VALUES ('46018', '0', '0', '0', '0', '0', '17389', '0', '0', '0', '骑士', '', '', '0', '1', '80', '0', '1718', '0', '1.2', '1.14286', '0.7', '0', '0', '1400', '2000', '1', '1', '1', '0', '2048', '0', '0', '7', '0', '0', '0', '0', '0', '0', '0', '0', 'AssistanceAI', '1', '1', '1.3', '0', '1', '1', '1', '0', '0', '1', '0', '0', '0', 'AssistanceAI', '12340');
INSERT INTO `world`.`creature_equip_template` (`CreatureID`, `ID`, `ItemID1`, `ItemID2`, `ItemID3`, `VerifiedBuild`) VALUES ('46018', '1', '12890', '0', '0', '18019');
  -- 火枪手
INSERT INTO `world`.`creature_template` (`entry`, `difficulty_entry_1`, `difficulty_entry_2`, `difficulty_entry_3`, `KillCredit1`, `KillCredit2`, `modelid1`, `modelid2`, `modelid3`, `modelid4`, `name`, `subname`, `IconName`, `gossip_menu_id`, `minlevel`, `maxlevel`, `exp`, `faction`, `npcflag`, `speed_walk`, `speed_run`, `scale`, `rank`, `dmgschool`, `BaseAttackTime`, `RangeAttackTime`, `BaseVariance`, `RangeVariance`, `unit_class`, `unit_flags`, `unit_flags2`, `dynamicflags`, `family`, `type`, `type_flags`, `lootid`, `pickpocketloot`, `skinloot`, `PetSpellDataId`, `VehicleId`, `mingold`, `maxgold`, `AIName`, `MovementType`, `HoverHeight`, `HealthModifier`, `ManaModifier`, `ArmorModifier`, `DamageModifier`, `ExperienceModifier`, `RacialLeader`, `movementId`, `RegenHealth`, `mechanic_immune_mask`, `spell_school_immune_mask`, `flags_extra`, `ScriptName`, `VerifiedBuild`) VALUES ('46019', '0', '0', '0', '0', '0', '17324', '0', '0', '0', '火枪手', '', '', '0', '1', '80', '0', '1718', '0', '1', '1.14286', '0.7', '0', '0', '1400', '2000', '1', '1', '1', '0', '2048', '0', '0', '7', '0', '0', '0', '0', '0', '0', '0', '0', 'AssistanceAI', '1', '1', '0.7', '0', '1', '1', '1', '0', '0', '1', '0', '0', '0', 'AssistanceAI', '12340');
INSERT INTO `world`.`creature_template_spell` (`CreatureID`, `Index`, `Spell`, `VerifiedBuild`) VALUES ('46019', '0', '75', '12340');
INSERT INTO `world`.`creature_equip_template` (`CreatureID`, `ID`, `ItemID1`, `ItemID2`, `ItemID3`, `VerifiedBuild`) VALUES ('46019', '1', '1905', '0', '12523', '18019');
  -- 牧师
INSERT INTO `world`.`creature_template` (`entry`, `difficulty_entry_1`, `difficulty_entry_2`, `difficulty_entry_3`, `KillCredit1`, `KillCredit2`, `modelid1`, `modelid2`, `modelid3`, `modelid4`, `name`, `subname`, `IconName`, `gossip_menu_id`, `minlevel`, `maxlevel`, `exp`, `faction`, `npcflag`, `speed_walk`, `speed_run`, `scale`, `rank`, `dmgschool`, `BaseAttackTime`, `RangeAttackTime`, `BaseVariance`, `RangeVariance`, `unit_class`, `unit_flags`, `unit_flags2`, `dynamicflags`, `family`, `type`, `type_flags`, `lootid`, `pickpocketloot`, `skinloot`, `PetSpellDataId`, `VehicleId`, `mingold`, `maxgold`, `AIName`, `MovementType`, `HoverHeight`, `HealthModifier`, `ManaModifier`, `ArmorModifier`, `DamageModifier`, `ExperienceModifier`, `RacialLeader`, `movementId`, `RegenHealth`, `mechanic_immune_mask`, `spell_school_immune_mask`, `flags_extra`, `ScriptName`, `VerifiedBuild`) VALUES ('46020', '0', '0', '0', '0', '0', '17329', '0', '0', '0', '牧师', '', '', '0', '1', '80', '0', '1718', '0', '1', '1.14286', '0.7', '0', '0', '1400', '2000', '1', '1', '1', '0', '2048', '0', '0', '7', '0', '0', '0', '0', '0', '0', '0', '0', 'AssistanceAI', '1', '1', '0.7', '1', '1', '1', '1', '0', '0', '1', '0', '0', '0', 'AssistanceAI', '12340');
INSERT INTO `world`.`creature_template_spell` (`CreatureID`, `Index`, `Spell`, `VerifiedBuild`) VALUES ('46020', '0', '85902', '12340');
INSERT INTO `world`.`creature_equip_template` (`CreatureID`, `ID`, `ItemID1`, `ItemID2`, `ItemID3`, `VerifiedBuild`) VALUES ('46020', '1', '5303', '0', '0', '18019');
  -- 女巫
INSERT INTO `world`.`creature_template` (`entry`, `difficulty_entry_1`, `difficulty_entry_2`, `difficulty_entry_3`, `KillCredit1`, `KillCredit2`, `modelid1`, `modelid2`, `modelid3`, `modelid4`, `name`, `subname`, `IconName`, `gossip_menu_id`, `minlevel`, `maxlevel`, `exp`, `faction`, `npcflag`, `speed_walk`, `speed_run`, `scale`, `rank`, `dmgschool`, `BaseAttackTime`, `RangeAttackTime`, `BaseVariance`, `RangeVariance`, `unit_class`, `unit_flags`, `unit_flags2`, `dynamicflags`, `family`, `type`, `type_flags`, `lootid`, `pickpocketloot`, `skinloot`, `PetSpellDataId`, `VehicleId`, `mingold`, `maxgold`, `AIName`, `MovementType`, `HoverHeight`, `HealthModifier`, `ManaModifier`, `ArmorModifier`, `DamageModifier`, `ExperienceModifier`, `RacialLeader`, `movementId`, `RegenHealth`, `mechanic_immune_mask`, `spell_school_immune_mask`, `flags_extra`, `ScriptName`, `VerifiedBuild`) VALUES ('46021', '0', '0', '0', '0', '0', '17325', '0', '0', '0', '女巫', '', '', '0', '1', '80', '0', '1718', '0', '1', '1.14286', '0.7', '0', '0', '1400', '2000', '1', '1', '1', '0', '2048', '0', '0', '7', '0', '0', '0', '0', '0', '0', '0', '0', 'AssistanceAI', '1', '1', '0.7', '1', '1', '1', '1', '0', '0', '1', '0', '0', '0', 'AssistanceAI', '12340');
INSERT INTO `world`.`creature_template_spell` (`CreatureID`, `Index`, `Spell`, `VerifiedBuild`) VALUES ('46021', '0', '85971', '12340');


-- 修补匠
INSERT INTO `world`.`creature_template` (`entry`, `difficulty_entry_1`, `difficulty_entry_2`, `difficulty_entry_3`, `KillCredit1`, `KillCredit2`, `modelid1`, `modelid2`, `modelid3`, `modelid4`, `name`, `subname`, `IconName`, `gossip_menu_id`, `minlevel`, `maxlevel`, `exp`, `faction`, `npcflag`, `speed_walk`, `speed_run`, `scale`, `rank`, `dmgschool`, `BaseAttackTime`, `RangeAttackTime`, `BaseVariance`, `RangeVariance`, `unit_class`, `unit_flags`, `unit_flags2`, `dynamicflags`, `family`, `type`, `type_flags`, `lootid`, `pickpocketloot`, `skinloot`, `PetSpellDataId`, `VehicleId`, `mingold`, `maxgold`, `AIName`, `MovementType`, `HoverHeight`, `HealthModifier`, `ManaModifier`, `ArmorModifier`, `DamageModifier`, `ExperienceModifier`, `RacialLeader`, `movementId`, `RegenHealth`, `mechanic_immune_mask`, `spell_school_immune_mask`, `flags_extra`, `ScriptName`, `VerifiedBuild`) VALUES 
('45004', '0', '0', '0', '0', '0', '7135', '0', '0', '0', '修补匠', '', '', '0', '1', '80', '0', '29', '2', '1', '1.14286', '1', '0', '0', '2000', '2000', '1', '1', '1', '0', '2048', '0', '0', '7', '0', '0', '0', '0', '0', '0', '0', '0', 'AssistanceAI', '0', '1', '1', '1', '1', '1.1', '1', '0', '0', '1', '0', '0', '0', 'AssistanceAI', '12340');
insert into world.creature_template_spell (`CreatureID`, `Index`, `Spell`, `VerifiedBuild`) VALUES ('45004', '0', '85970', '12340');
insert into world.creature_template_spell (`CreatureID`, `Index`, `Spell`, `VerifiedBuild`) VALUES ('45004', '1', '85974', '12340');
insert into world.creature_template_spell (`CreatureID`, `Index`, `Spell`, `VerifiedBuild`) VALUES ('45004', '2', '85976', '12340');
insert into world.creature_template_spell (`CreatureID`, `Index`, `Spell`, `VerifiedBuild`) VALUES ('45004', '3', '85977', '12340');

INSERT INTO `world`.`creature_template` (`entry`, `difficulty_entry_1`, `difficulty_entry_2`, `difficulty_entry_3`, `KillCredit1`, `KillCredit2`, `modelid1`, `modelid2`, `modelid3`, `modelid4`, `name`, `subname`, `IconName`, `gossip_menu_id`, `minlevel`, `maxlevel`, `exp`, `faction`, `npcflag`, `speed_walk`, `speed_run`, `scale`, `rank`, `dmgschool`, `BaseAttackTime`, `RangeAttackTime`, `BaseVariance`, `RangeVariance`, `unit_class`, `unit_flags`, `unit_flags2`, `dynamicflags`, `family`, `type`, `type_flags`, `lootid`, `pickpocketloot`, `skinloot`, `PetSpellDataId`, `VehicleId`, `mingold`, `maxgold`, `AIName`, `MovementType`, `HoverHeight`, `HealthModifier`, `ManaModifier`, `ArmorModifier`, `DamageModifier`, `ExperienceModifier`, `RacialLeader`, `movementId`, `RegenHealth`, `mechanic_immune_mask`, `spell_school_immune_mask`, `flags_extra`, `ScriptName`, `VerifiedBuild`) VALUES 
('46008', '0', '0', '0', '0', '0', '22776', '0', '0', '0', '发条机器人', '', '', '0', '1', '80', '1', '188', '0', '1', '1.14286', '1', '0', '0', '2000', '2000', '1', '1', '1', '0', '2048', '0', '0', '12', '0', '0', '0', '0', '0', '0', '0', '0', 'AssistanceAI', '0', '1', '0.1', '1', '1', '0.2', '1', '0', '0', '1', '0', '0', '0', 'AssistanceAI', '12340');
INSERT INTO `world`.`creature_template_spell` (`CreatureID`, `Index`, `Spell`, `VerifiedBuild`) VALUES ('46008', '0', '85978', '12340');

-- 巫妖
INSERT INTO `world`.`creature_template` (`entry`, `difficulty_entry_1`, `difficulty_entry_2`, `difficulty_entry_3`, `KillCredit1`, `KillCredit2`, `modelid1`, `modelid2`, `modelid3`, `modelid4`, `name`, `subname`, `IconName`, `gossip_menu_id`, `minlevel`, `maxlevel`, `exp`, `faction`, `npcflag`, `speed_walk`, `speed_run`, `scale`, `rank`, `dmgschool`, `BaseAttackTime`, `RangeAttackTime`, `BaseVariance`, `RangeVariance`, `unit_class`, `unit_flags`, `unit_flags2`, `dynamicflags`, `family`, `type`, `type_flags`, `lootid`, `pickpocketloot`, `skinloot`, `PetSpellDataId`, `VehicleId`, `mingold`, `maxgold`, `AIName`, `MovementType`, `HoverHeight`, `HealthModifier`, `ManaModifier`, `ArmorModifier`, `DamageModifier`, `ExperienceModifier`, `RacialLeader`, `movementId`, `RegenHealth`, `mechanic_immune_mask`, `spell_school_immune_mask`, `flags_extra`, `ScriptName`, `VerifiedBuild`) VALUES 
('45005', '0', '0', '0', '0', '0', '16024', '0', '0', '0', '罗宁', '肯瑞托的老师', '', '0', '0', '80', '2', '2007', '2', '1', '1.14286', '0.7', '3', '0', '2000', '2000', '1', '1', '1', '0', '2048', '0', '0', '7', '0', '0', '0', '0', '0', '0', '0', '0', 'AssistanceAI', '0', '1', '1', '3', '1', '1', '1', '0', '0', '1', '0', '0', '0', 'AssistanceAI', '12340');
insert into world.creature_template_spell (`CreatureID`, `Index`, `Spell`, `VerifiedBuild`) VALUES ('45005', '0', '85970', '12340');
insert into world.creature_template_spell (`CreatureID`, `Index`, `Spell`, `VerifiedBuild`) VALUES ('45005', '1', '85956', '12340');
insert into world.creature_template_spell (`CreatureID`, `Index`, `Spell`, `VerifiedBuild`) VALUES ('45005', '2', '85954', '12340');
insert into world.creature_template_spell (`CreatureID`, `Index`, `Spell`, `VerifiedBuild`) VALUES ('45005', '3', '85953', '12340');
insert into world.creature_template_spell (`CreatureID`, `Index`, `Spell`, `VerifiedBuild`) VALUES ('45005', '4', '85955', '12340');
UPDATE `world`.`creature_template` SET `modelid1`='7971', `name`='巫妖', `subname`='', `minlevel`='1', `faction`='152', `rank`='0', `ManaModifier`='1', `DamageModifier`='1.2' WHERE `entry`='45005';
INSERT INTO `world`.`spell_script_names` (`spell_id`, `ScriptName`) VALUES ('85953', 'spell_dark_ceremony');

-- 牛头人酋长
INSERT INTO `world`.`creature_equip_template` (`CreatureID`, `ID`, `ItemID1`, `ItemID2`, `ItemID3`, `VerifiedBuild`) VALUES ('45006', '1', '24394', '0', '0', '18019');
INSERT INTO `world`.`creature_template` (`entry`, `difficulty_entry_1`, `difficulty_entry_2`, `difficulty_entry_3`, `KillCredit1`, `KillCredit2`, `modelid1`, `modelid2`, `modelid3`, `modelid4`, `name`, `subname`, `IconName`, `gossip_menu_id`, `minlevel`, `maxlevel`, `exp`, `faction`, `npcflag`, `speed_walk`, `speed_run`, `scale`, `rank`, `dmgschool`, `BaseAttackTime`, `RangeAttackTime`, `BaseVariance`, `RangeVariance`, `unit_class`, `unit_flags`, `unit_flags2`, `dynamicflags`, `family`, `type`, `type_flags`, `lootid`, `pickpocketloot`, `skinloot`, `PetSpellDataId`, `VehicleId`, `mingold`, `maxgold`, `AIName`, `MovementType`, `HoverHeight`, `HealthModifier`, `ManaModifier`, `ArmorModifier`, `DamageModifier`, `ExperienceModifier`, `RacialLeader`, `movementId`, `RegenHealth`, `mechanic_immune_mask`, `spell_school_immune_mask`, `flags_extra`, `ScriptName`, `VerifiedBuild`) VALUES ('45006', '0', '0', '0', '0', '0', '4307', '0', '0', '0', '牛头人酋长', '', '', '0', '1', '80', '2', '104', '2', '1', '1.34286', '1', '0', '0', '2000', '2000', '1', '1', '1', '0', '2048', '0', '0', '7', '0', '0', '0', '0', '0', '0', '0', '0', 'AssistanceAI', '0', '1', '2', '1', '3', '1.1', '1', '0', '0', '1', '0', '0', '0', 'AssistanceAI', '12340');
insert into world.creature_template_spell (`CreatureID`, `Index`, `Spell`, `VerifiedBuild`) VALUES ('45006', '0', '86001', '12340');
insert into world.creature_template_spell (`CreatureID`, `Index`, `Spell`, `VerifiedBuild`) VALUES ('45006', '1', '85952', '12340');
insert into world.creature_template_spell (`CreatureID`, `Index`, `Spell`, `VerifiedBuild`) VALUES ('45006', '2', '85950', '12340');
insert into world.creature_template_spell (`CreatureID`, `Index`, `Spell`, `VerifiedBuild`) VALUES ('45006', '3', '85945', '12340');
insert into world.creature_template_spell (`CreatureID`, `Index`, `Spell`, `VerifiedBuild`) VALUES ('45006', '4', '85949', '12340');
INSERT INTO `world`.`creature_template_spell` (`CreatureID`, `Index`, `Spell`, `VerifiedBuild`) VALUES ('45006', '5', '86000', '12340');

-- 圣骑士
INSERT INTO `world`.`creature_template` (`entry`, `difficulty_entry_1`, `difficulty_entry_2`, `difficulty_entry_3`, `KillCredit1`, `KillCredit2`, `modelid1`, `modelid2`, `modelid3`, `modelid4`, `name`, `subname`, `IconName`, `gossip_menu_id`, `minlevel`, `maxlevel`, `exp`, `faction`, `npcflag`, `speed_walk`, `speed_run`, `scale`, `rank`, `dmgschool`, `BaseAttackTime`, `RangeAttackTime`, `BaseVariance`, `RangeVariance`, `unit_class`, `unit_flags`, `unit_flags2`, `dynamicflags`, `family`, `type`, `type_flags`, `lootid`, `pickpocketloot`, `skinloot`, `PetSpellDataId`, `VehicleId`, `mingold`, `maxgold`, `AIName`, `MovementType`, `HoverHeight`, `HealthModifier`, `ManaModifier`, `ArmorModifier`, `DamageModifier`, `ExperienceModifier`, `RacialLeader`, `movementId`, `RegenHealth`, `mechanic_immune_mask`, `spell_school_immune_mask`, `flags_extra`, `ScriptName`, `VerifiedBuild`) VALUES ('45007', '0', '0', '0', '0', '0', '30821', '0', '0', '0', '圣骑士', '', '', '0', '1', '80', '0', '1665', '2', '1', '1.14286', '0.6', '0', '0', '2000', '2000', '1', '1', '2', '0', '2048', '0', '0', '7', '0', '0', '0', '0', '0', '0', '0', '0', 'AssistanceAI', '1', '1', '1.2', '1', '1.2', '1', '1', '0', '0', '1', '0', '0', '0', 'AssistanceAI', '12340');
INSERT INTO `world`.`creature_equip_template` (`CreatureID`, `ID`, `ItemID1`, `ItemID2`, `ItemID3`, `VerifiedBuild`) VALUES ('45007', '1', '37579', '12860', '0', '18019');
insert into world.creature_template_spell (`CreatureID`, `Index`, `Spell`, `VerifiedBuild`) VALUES ('45007', '0', '85980', '12340');
insert into world.creature_template_spell (`CreatureID`, `Index`, `Spell`, `VerifiedBuild`) VALUES ('45007', '1', '85947', '12340');
insert into world.creature_template_spell (`CreatureID`, `Index`, `Spell`, `VerifiedBuild`) VALUES ('45007', '2', '85946', '12340');
insert into world.creature_template_spell (`CreatureID`, `Index`, `Spell`, `VerifiedBuild`) VALUES ('45007', '3', '85944', '12340');
INSERT INTO `world`.`spell_script_names` (`spell_id`, `ScriptName`) VALUES ('85943', 'spell_palading_rise_ally');


-- 丛林守护者alter
INSERT INTO `world`.`creature_template` (`entry`, `difficulty_entry_1`, `difficulty_entry_2`, `difficulty_entry_3`, `KillCredit1`, `KillCredit2`, `modelid1`, `modelid2`, `modelid3`, `modelid4`, `name`, `subname`, `IconName`, `gossip_menu_id`, `minlevel`, `maxlevel`, `exp`, `faction`, `npcflag`, `speed_walk`, `speed_run`, `scale`, `rank`, `dmgschool`, `BaseAttackTime`, `RangeAttackTime`, `BaseVariance`, `RangeVariance`, `unit_class`, `unit_flags`, `unit_flags2`, `dynamicflags`, `family`, `type`, `type_flags`, `lootid`, `pickpocketloot`, `skinloot`, `PetSpellDataId`, `VehicleId`, `mingold`, `maxgold`, `AIName`, `MovementType`, `HoverHeight`, `HealthModifier`, `ManaModifier`, `ArmorModifier`, `DamageModifier`, `ExperienceModifier`, `RacialLeader`, `movementId`, `RegenHealth`, `mechanic_immune_mask`, `spell_school_immune_mask`, `flags_extra`, `ScriptName`, `VerifiedBuild`) VALUES ('45010', '0', '0', '0', '0', '0', '11906', '0', '0', '0', '丛林守护者', '', '', '0', '0', '80', '0', '635', '2', '1', '1.14286', '0.5', '0', '0', '1500', '2000', '1', '1', '1', '0', '2048', '0', '0', '7', '0', '0', '0', '0', '0', '0', '0', '0', 'AssistanceAI', '0', '1', '1', '1', '0.7', '1', '1', '0', '0', '1', '0', '0', '0', 'AssistanceAI', '12340');
insert into world.creature_template_spell (`CreatureID`, `Index`, `Spell`, `VerifiedBuild`) VALUES ('45010', '0', '85980', '12340');
insert into world.creature_template_spell (`CreatureID`, `Index`, `Spell`, `VerifiedBuild`) VALUES ('45010', '1', '85938', '12340');
insert into world.creature_template_spell (`CreatureID`, `Index`, `Spell`, `VerifiedBuild`) VALUES ('45010', '2', '85936', '12340');
insert into world.creature_template_spell (`CreatureID`, `Index`, `Spell`, `VerifiedBuild`) VALUES ('45010', '3', '85939', '12340');
insert into world.creature_template_spell (`CreatureID`, `Index`, `Spell`, `VerifiedBuild`) VALUES ('45010', '4', '85935', '12340');
INSERT INTO `world`.`creature_template` (`entry`, `difficulty_entry_1`, `difficulty_entry_2`, `difficulty_entry_3`, `KillCredit1`, `KillCredit2`, `modelid1`, `modelid2`, `modelid3`, `modelid4`, `name`, `subname`, `IconName`, `gossip_menu_id`, `minlevel`, `maxlevel`, `exp`, `faction`, `npcflag`, `speed_walk`, `speed_run`, `scale`, `rank`, `dmgschool`, `BaseAttackTime`, `RangeAttackTime`, `BaseVariance`, `RangeVariance`, `unit_class`, `unit_flags`, `unit_flags2`, `dynamicflags`, `family`, `type`, `type_flags`, `lootid`, `pickpocketloot`, `skinloot`, `PetSpellDataId`, `VehicleId`, `mingold`, `maxgold`, `AIName`, `MovementType`, `HoverHeight`, `HealthModifier`, `ManaModifier`, `ArmorModifier`, `DamageModifier`, `ExperienceModifier`, `RacialLeader`, `movementId`, `RegenHealth`, `mechanic_immune_mask`, `spell_school_immune_mask`, `flags_extra`, `ScriptName`, `VerifiedBuild`) VALUES ('46010', '0', '0', '0', '0', '0', '15484', '0', '0', '0', '树人', '', '', '0', '1', '80', '1', '7', '0', '1', '1.14286', '1', '0', '0', '4000', '2000', '1', '1', '1', '0', '2048', '0', '0', '4', '0', '0', '0', '0', '0', '0', '0', '0', 'AssistanceAI', '0', '1', '0.1', '0.1', '1', '0.33', '1', '0', '0', '1', '0', '0', '0', 'AssistanceAI', '12340');
insert into world.creature_template_spell (`CreatureID`, `Index`, `Spell`, `VerifiedBuild`) VALUES ('46010', '0', '85937', '12340');


-- 恐惧魔王
INSERT INTO `world`.`creature_template` (`entry`, `difficulty_entry_1`, `difficulty_entry_2`, `difficulty_entry_3`, `KillCredit1`, `KillCredit2`, `modelid1`, `modelid2`, `modelid3`, `modelid4`, `name`, `subname`, `IconName`, `gossip_menu_id`, `minlevel`, `maxlevel`, `exp`, `faction`, `npcflag`, `speed_walk`, `speed_run`, `scale`, `rank`, `dmgschool`, `BaseAttackTime`, `RangeAttackTime`, `BaseVariance`, `RangeVariance`, `unit_class`, `unit_flags`, `unit_flags2`, `dynamicflags`, `family`, `type`, `type_flags`, `lootid`, `pickpocketloot`, `skinloot`, `PetSpellDataId`, `VehicleId`, `mingold`, `maxgold`, `AIName`, `MovementType`, `HoverHeight`, `HealthModifier`, `ManaModifier`, `ArmorModifier`, `DamageModifier`, `ExperienceModifier`, `RacialLeader`, `movementId`, `RegenHealth`, `mechanic_immune_mask`, `spell_school_immune_mask`, `flags_extra`, `ScriptName`, `VerifiedBuild`) VALUES 
('45008', '0', '0', '0', '0', '0', '10691', '0', '0', '0', '恐惧魔王', '', '', '0', '1', '80', '1', '67', '2', '1.1', '1.14286', '0.35', '0', '0', '1500', '2000', '1', '1', '1', '0', '2048', '0', '0', '3', '0', '0', '0', '0', '0', '0', '0', '0', 'AssistanceAI', '0', '1', '1', '1', '1', '1', '1', '0', '167', '1', '0', '0', '0', 'AssistanceAI', '12340');
insert into world.creature_template_spell (`CreatureID`, `Index`, `Spell`, `VerifiedBuild`) VALUES ('45008', '0', '85895', '12340');
insert into world.creature_template_spell (`CreatureID`, `Index`, `Spell`, `VerifiedBuild`) VALUES ('45008', '1', '85963', '12340');
insert into world.creature_template_spell (`CreatureID`, `Index`, `Spell`, `VerifiedBuild`) VALUES ('45008', '2', '85964', '12340');
insert into world.creature_template_spell (`CreatureID`, `Index`, `Spell`, `VerifiedBuild`) VALUES ('45008', '3', '85962', '12340');

   -- 地狱火alter
INSERT INTO `world`.`creature_template` (`entry`, `difficulty_entry_1`, `difficulty_entry_2`, `difficulty_entry_3`, `KillCredit1`, `KillCredit2`, `modelid1`, `modelid2`, `modelid3`, `modelid4`, `name`, `subname`, `IconName`, `gossip_menu_id`, `minlevel`, `maxlevel`, `exp`, `faction`, `npcflag`, `speed_walk`, `speed_run`, `scale`, `rank`, `dmgschool`, `BaseAttackTime`, `RangeAttackTime`, `BaseVariance`, `RangeVariance`, `unit_class`, `unit_flags`, `unit_flags2`, `dynamicflags`, `family`, `type`, `type_flags`, `lootid`, `pickpocketloot`, `skinloot`, `PetSpellDataId`, `VehicleId`, `mingold`, `maxgold`, `AIName`, `MovementType`, `HoverHeight`, `HealthModifier`, `ManaModifier`, `ArmorModifier`, `DamageModifier`, `ExperienceModifier`, `RacialLeader`, `movementId`, `RegenHealth`, `mechanic_immune_mask`, `spell_school_immune_mask`, `flags_extra`, `ScriptName`, `VerifiedBuild`) VALUES 
('46023', '0', '0', '0', '0', '0', '12817', '0', '0', '0', '地狱火', '', '', '0', '1', '80', '0', '90', '0', '1.23', '1.14286', '0.6', '0', '0', '1460', '1606', '1', '1', '1', '0', '2048', '0', '0', '7', '0', '0', '0', '0', '0', '0', '0', '0', 'AssistanceAI', '0', '1', '1', '0', '1', '1', '1', '0', '0', '1', '0', '0', '0', 'AssistanceAI', '12340');
insert into world.creature_template_spell (`CreatureID`, `Index`, `Spell`, `VerifiedBuild`) VALUES ('46023', '0', '85894', '12340');


  -- 黑暗游侠
INSERT INTO `world`.`creature_equip_template` (`CreatureID`, `ID`, `ItemID1`, `ItemID2`, `ItemID3`, `VerifiedBuild`) VALUES ('45009', '1', '2179', '0', '42775', '18019');
INSERT INTO `world`.`creature_template` (`entry`, `difficulty_entry_1`, `difficulty_entry_2`, `difficulty_entry_3`, `KillCredit1`, `KillCredit2`, `modelid1`, `modelid2`, `modelid3`, `modelid4`, `name`, `subname`, `IconName`, `gossip_menu_id`, `minlevel`, `maxlevel`, `exp`, `faction`, `npcflag`, `speed_walk`, `speed_run`, `scale`, `rank`, `dmgschool`, `BaseAttackTime`, `RangeAttackTime`, `BaseVariance`, `RangeVariance`, `unit_class`, `unit_flags`, `unit_flags2`, `dynamicflags`, `family`, `type`, `type_flags`, `lootid`, `pickpocketloot`, `skinloot`, `PetSpellDataId`, `VehicleId`, `mingold`, `maxgold`, `AIName`, `MovementType`, `HoverHeight`, `HealthModifier`, `ManaModifier`, `ArmorModifier`, `DamageModifier`, `ExperienceModifier`, `RacialLeader`, `movementId`, `RegenHealth`, `mechanic_immune_mask`, `spell_school_immune_mask`, `flags_extra`, `ScriptName`, `VerifiedBuild`) VALUES ('45009', '0', '0', '0', '0', '0', '30686', '0', '0', '0', '黑暗游侠', '', '', '0', '1', '80', '2', '1770', '2', '1', '1.24286', '1', '0', '0', '2000', '2000', '1', '1', '2', '0', '2048', '0', '0', '7', '0', '0', '0', '0', '0', '0', '0', '0', 'AssistanceAI', '0', '1', '0.9', '1', '0.7', '1.3', '1', '0', '0', '1', '0', '0', '0', '', '12340');
insert into world.creature_template_spell (`CreatureID`, `Index`, `Spell`, `VerifiedBuild`) VALUES ('45009', '0', '85990', '12340');
insert into world.creature_template_spell (`CreatureID`, `Index`, `Spell`, `VerifiedBuild`) VALUES ('45009', '1', '85924', '12340');
insert into world.creature_template_spell (`CreatureID`, `Index`, `Spell`, `VerifiedBuild`) VALUES ('45009', '2', '85923', '12340');
insert into world.creature_template_spell (`CreatureID`, `Index`, `Spell`, `VerifiedBuild`) VALUES ('45009', '3', '85922', '12340');
insert into world.creature_template_spell (`CreatureID`, `Index`, `Spell`, `VerifiedBuild`) VALUES ('45009', '4', '85920', '12340');
INSERT INTO `world`.`spell_script_names` (`spell_id`, `ScriptName`) VALUES ('-85924', 'spell_dark_ranger_black_bolt');

  -- 黑暗之奴alter
INSERT INTO `world`.`creature_template` (`entry`, `difficulty_entry_1`, `difficulty_entry_2`, `difficulty_entry_3`, `KillCredit1`, `KillCredit2`, `modelid1`, `modelid2`, `modelid3`, `modelid4`, `name`, `subname`, `IconName`, `gossip_menu_id`, `minlevel`, `maxlevel`, `exp`, `faction`, `npcflag`, `speed_walk`, `speed_run`, `scale`, `rank`, `dmgschool`, `BaseAttackTime`, `RangeAttackTime`, `BaseVariance`, `RangeVariance`, `unit_class`, `unit_flags`, `unit_flags2`, `dynamicflags`, `family`, `type`, `type_flags`, `lootid`, `pickpocketloot`, `skinloot`, `PetSpellDataId`, `VehicleId`, `mingold`, `maxgold`, `AIName`, `MovementType`, `HoverHeight`, `HealthModifier`, `ManaModifier`, `ArmorModifier`, `DamageModifier`, `ExperienceModifier`, `RacialLeader`, `movementId`, `RegenHealth`, `mechanic_immune_mask`, `spell_school_immune_mask`, `flags_extra`, `ScriptName`, `VerifiedBuild`) VALUES ('46014', '0', '0', '0', '0', '0', '9786', '7550', '0', '0', '黑暗之奴', '', '', '0', '1', '80', '1', '233', '0', '1', '1.14286', '0.8', '0', '0', '2000', '2000', '1', '1', '1', '0', '2048', '0', '0', '6', '0', '0', '0', '0', '0', '0', '0', '0', 'AssistanceAI', '0', '1', '0.2', '0', '1', '0.1', '1', '0', '0', '1', '8388624', '0', '0', 'AssistanceAI', '12340');
INSERT INTO `world`.`creature_equip_template` (`CreatureID`, `ID`, `ItemID1`, `ItemID2`, `ItemID3`, `VerifiedBuild`) VALUES ('46014', '1', '12142', '1985', '0', '18019');


-- 兽王
INSERT INTO `world`.`creature_template` (`entry`, `difficulty_entry_1`, `difficulty_entry_2`, `difficulty_entry_3`, `KillCredit1`, `KillCredit2`, `modelid1`, `modelid2`, `modelid3`, `modelid4`, `name`, `subname`, `IconName`, `gossip_menu_id`, `minlevel`, `maxlevel`, `exp`, `faction`, `npcflag`, `speed_walk`, `speed_run`, `scale`, `rank`, `dmgschool`, `BaseAttackTime`, `RangeAttackTime`, `BaseVariance`, `RangeVariance`, `unit_class`, `unit_flags`, `unit_flags2`, `dynamicflags`, `family`, `type`, `type_flags`, `lootid`, `pickpocketloot`, `skinloot`, `PetSpellDataId`, `VehicleId`, `mingold`, `maxgold`, `AIName`, `MovementType`, `HoverHeight`, `HealthModifier`, `ManaModifier`, `ArmorModifier`, `DamageModifier`, `ExperienceModifier`, `RacialLeader`, `movementId`, `RegenHealth`, `mechanic_immune_mask`, `spell_school_immune_mask`, `flags_extra`, `ScriptName`, `VerifiedBuild`) VALUES
('45011', '0', '0', '0', '0', '0', '20918', '0', '0', '0', '驯兽师', '', '', '0', '1', '80', '0', '83', '2', '1', '1', '0.6', '0', '0', '1500', '2000', '1', '1', '1', '0', '2048', '0', '0', '7', '0', '0', '0', '0', '0', '0', '0', '0', 'AssistanceAI', '0', '1', '1.2', '1', '1.2', '1.2', '1', '0', '0', '1', '0', '0', '0', 'AssistanceAI', '12340');
insert into world.creature_template_spell (`CreatureID`, `Index`, `Spell`, `VerifiedBuild`) VALUES ('45011', '0', '85990', '12340');
insert into world.creature_template_spell (`CreatureID`, `Index`, `Spell`, `VerifiedBuild`) VALUES ('45011', '1', '85933', '12340');
insert into world.creature_template_spell (`CreatureID`, `Index`, `Spell`, `VerifiedBuild`) VALUES ('45011', '2', '85932', '12340');
insert into world.creature_template_spell (`CreatureID`, `Index`, `Spell`, `VerifiedBuild`) VALUES ('45011', '3', '85931', '12340');
INSERT INTO `world`.`creature_equip_template` (`CreatureID`, `ID`, `ItemID1`, `ItemID2`, `ItemID3`, `VerifiedBuild`) VALUES ('45011', '1', '10612', '10612', '0', '18019');

 -- 豪猪
INSERT INTO `world`.`creature_template` (`entry`, `difficulty_entry_1`, `difficulty_entry_2`, `difficulty_entry_3`, `KillCredit1`, `KillCredit2`, `modelid1`, `modelid2`, `modelid3`, `modelid4`, `name`, `subname`, `IconName`, `gossip_menu_id`, `minlevel`, `maxlevel`, `exp`, `faction`, `npcflag`, `speed_walk`, `speed_run`, `scale`, `rank`, `dmgschool`, `BaseAttackTime`, `RangeAttackTime`, `BaseVariance`, `RangeVariance`, `unit_class`, `unit_flags`, `unit_flags2`, `dynamicflags`, `family`, `type`, `type_flags`, `lootid`, `pickpocketloot`, `skinloot`, `PetSpellDataId`, `VehicleId`, `mingold`, `maxgold`, `AIName`, `MovementType`, `HoverHeight`, `HealthModifier`, `ManaModifier`, `ArmorModifier`, `DamageModifier`, `ExperienceModifier`, `RacialLeader`, `movementId`, `RegenHealth`, `mechanic_immune_mask`, `spell_school_immune_mask`, `flags_extra`, `ScriptName`, `VerifiedBuild`) VALUES ('46011', '0', '0', '0', '0', '0', '704', '0', '0', '0', '凶恶豪猪', '', '', '0', '1', '80', '1', '16', '0', '1', '1.14286', '1', '0', '0', '2000', '2000', '1', '1', '1', '0', '2048', '0', '0', '1', '0', '0', '0', '0', '0', '0', '0', '0', 'AssistanceAI', '0', '1', '0.5', '0.5', '1', '1', '1', '0', '0', '1', '0', '0', '0', 'AssistanceAI', '12340');
insert into world.creature_template_spell (`CreatureID`, `Index`, `Spell`, `VerifiedBuild`) VALUES ('46011', '0', '85928', '12340');
insert into world.creature_template_spell (`CreatureID`, `Index`, `Spell`, `VerifiedBuild`) VALUES ('46011', '1', '85929', '12340');
  -- 战鹰alter
INSERT INTO `world`.`creature_template` (`entry`, `difficulty_entry_1`, `difficulty_entry_2`, `difficulty_entry_3`, `KillCredit1`, `KillCredit2`, `modelid1`, `modelid2`, `modelid3`, `modelid4`, `name`, `subname`, `IconName`, `gossip_menu_id`, `minlevel`, `maxlevel`, `exp`, `faction`, `npcflag`, `speed_walk`, `speed_run`, `scale`, `rank`, `dmgschool`, `BaseAttackTime`, `RangeAttackTime`, `BaseVariance`, `RangeVariance`, `unit_class`, `unit_flags`, `unit_flags2`, `dynamicflags`, `family`, `type`, `type_flags`, `lootid`, `pickpocketloot`, `skinloot`, `PetSpellDataId`, `VehicleId`, `mingold`, `maxgold`, `AIName`, `MovementType`, `HoverHeight`, `HealthModifier`, `ManaModifier`, `ArmorModifier`, `DamageModifier`, `ExperienceModifier`, `RacialLeader`, `movementId`, `RegenHealth`, `mechanic_immune_mask`, `spell_school_immune_mask`, `flags_extra`, `ScriptName`, `VerifiedBuild`) VALUES ('46012', '0', '0', '0', '0', '0', '22321', '0', '0', '0', '雷霆战鹰', '', '', '0', '1', '80', '1', '16', '0', '1', '1.14286', '1', '0', '0', '2000', '2000', '1', '1', '1', '0', '2048', '0', '0', '1', '0', '0', '0', '0', '0', '0', '0', '0', 'AssistanceAI', '0', '1', '0.5', '0.5', '1', '1', '1', '0', '0', '1', '0', '0', '0', 'AssistanceAI', '12340');
insert into world.creature_template_spell (`CreatureID`, `Index`, `Spell`, `VerifiedBuild`) VALUES ('46012', '0', '85927', '12340');
  -- 熊
INSERT INTO `world`.`creature_template` (`entry`, `difficulty_entry_1`, `difficulty_entry_2`, `difficulty_entry_3`, `KillCredit1`, `KillCredit2`, `modelid1`, `modelid2`, `modelid3`, `modelid4`, `name`, `subname`, `IconName`, `gossip_menu_id`, `minlevel`, `maxlevel`, `exp`, `faction`, `npcflag`, `speed_walk`, `speed_run`, `scale`, `rank`, `dmgschool`, `BaseAttackTime`, `RangeAttackTime`, `BaseVariance`, `RangeVariance`, `unit_class`, `unit_flags`, `unit_flags2`, `dynamicflags`, `family`, `type`, `type_flags`, `lootid`, `pickpocketloot`, `skinloot`, `PetSpellDataId`, `VehicleId`, `mingold`, `maxgold`, `AIName`, `MovementType`, `HoverHeight`, `HealthModifier`, `ManaModifier`, `ArmorModifier`, `DamageModifier`, `ExperienceModifier`, `RacialLeader`, `movementId`, `RegenHealth`, `mechanic_immune_mask`, `spell_school_immune_mask`, `flags_extra`, `ScriptName`, `VerifiedBuild`) VALUES 
('46013', '0', '0', '0', '0', '0', '982', '0', '0', '0', '怒熊', '', '', '0', '1', '80', '1', '44', '0', '1', '1.14286', '1', '0', '0', '2000', '2000', '1', '1', '1', '0', '2048', '0', '0', '1', '0', '0', '0', '0', '0', '0', '0', '0', 'AssistanceAI', '0', '1', '1.3', '0.2', '1', '0.8', '1', '0', '0', '1', '0', '0', '0', 'AssistanceAI', '12340');
insert into world.creature_template_spell (`CreatureID`, `Index`, `Spell`, `VerifiedBuild`) VALUES ('46013', '0', '85991', '12340');
insert into world.creature_template_spell (`CreatureID`, `Index`, `Spell`, `VerifiedBuild`) VALUES ('46013', '1', '86004', '12340');
insert into world.creature_template_spell (`CreatureID`, `Index`, `Spell`, `VerifiedBuild`) VALUES ('46013', '2', '86000', '12340');
UPDATE `world`.`creature_template` SET `scale`='0.5' WHERE `entry`='46012';
UPDATE `world`.`creature_template` SET `scale`='0.5' WHERE `entry`='46011';

-- 死亡骑士
INSERT INTO `world`.`creature_template` (`entry`, `difficulty_entry_1`, `difficulty_entry_2`, `difficulty_entry_3`, `KillCredit1`, `KillCredit2`, `modelid1`, `modelid2`, `modelid3`, `modelid4`, `name`, `subname`, `IconName`, `gossip_menu_id`, `minlevel`, `maxlevel`, `exp`, `faction`, `npcflag`, `speed_walk`, `speed_run`, `scale`, `rank`, `dmgschool`, `BaseAttackTime`, `RangeAttackTime`, `BaseVariance`, `RangeVariance`, `unit_class`, `unit_flags`, `unit_flags2`, `dynamicflags`, `family`, `type`, `type_flags`, `lootid`, `pickpocketloot`, `skinloot`, `PetSpellDataId`, `VehicleId`, `mingold`, `maxgold`, `AIName`, `MovementType`, `HoverHeight`, `HealthModifier`, `ManaModifier`, `ArmorModifier`, `DamageModifier`, `ExperienceModifier`, `RacialLeader`, `movementId`, `RegenHealth`, `mechanic_immune_mask`, `spell_school_immune_mask`, `flags_extra`, `ScriptName`, `VerifiedBuild`) VALUES
 ('45012', '0', '0', '0', '0', '0', '10729', '0', '0', '0', '死亡骑士', '', '', '0', '1', '80', '0', '21', '2', '1', '1.14286', '0.7', '0', '0', '1500', '2000', '1', '1', '1', '0', '2048', '0', '0', '6', '0', '0', '0', '0', '0', '0', '0', '0', 'AssistanceAI', '0', '1', '2', '1', '3', '1.2', '1', '0', '0', '1', '0', '0', '0', 'AssistanceAI', '12340');
INSERT INTO `world`.`creature_equip_template` (`CreatureID`, `ID`, `ItemID1`, `ItemID2`, `ItemID3`, `VerifiedBuild`) VALUES ('45012', '1', '2181', '0', '0', '18019');
insert into world.creature_template_spell (`CreatureID`, `Index`, `Spell`, `VerifiedBuild`) VALUES ('45012', '0', '86001', '12340');
insert into world.creature_template_spell (`CreatureID`, `Index`, `Spell`, `VerifiedBuild`) VALUES ('45012', '1', '85916', '12340');
insert into world.creature_template_spell (`CreatureID`, `Index`, `Spell`, `VerifiedBuild`) VALUES ('45012', '2', '85912', '12340');
insert into world.creature_template_spell (`CreatureID`, `Index`, `Spell`, `VerifiedBuild`) VALUES ('45012', '3', '85909', '12340');
insert into world.creature_template_spell (`CreatureID`, `Index`, `Spell`, `VerifiedBuild`) VALUES ('45012', '4', '85913', '12340');
insert into world.creature_template_spell (`CreatureID`, `Index`, `Spell`, `VerifiedBuild`) VALUES ('45012', '5', '85911', '12340');
INSERT INTO `world`.`creature_template_spell` (`CreatureID`, `Index`, `Spell`, `VerifiedBuild`) VALUES ('45012', '6', '86000', '12340');
INSERT INTO `world`.`spell_script_names` (`spell_id`, `ScriptName`) VALUES ('85912', 'spell_death_contract');

 -- 食尸鬼
INSERT INTO `world`.`creature_template` (`entry`, `difficulty_entry_1`, `difficulty_entry_2`, `difficulty_entry_3`, `KillCredit1`, `KillCredit2`, `modelid1`, `modelid2`, `modelid3`, `modelid4`, `name`, `subname`, `IconName`, `gossip_menu_id`, `minlevel`, `maxlevel`, `exp`, `faction`, `npcflag`, `speed_walk`, `speed_run`, `scale`, `rank`, `dmgschool`, `BaseAttackTime`, `RangeAttackTime`, `BaseVariance`, `RangeVariance`, `unit_class`, `unit_flags`, `unit_flags2`, `dynamicflags`, `family`, `type`, `type_flags`, `lootid`, `pickpocketloot`, `skinloot`, `PetSpellDataId`, `VehicleId`, `mingold`, `maxgold`, `AIName`, `MovementType`, `HoverHeight`, `HealthModifier`, `ManaModifier`, `ArmorModifier`, `DamageModifier`, `ExperienceModifier`, `RacialLeader`, `movementId`, `RegenHealth`, `mechanic_immune_mask`, `spell_school_immune_mask`, `flags_extra`, `ScriptName`, `VerifiedBuild`) VALUES ('46017', '0', '0', '0', '0', '0', '24994', '24993', '24992', '24995', '复活的食尸鬼', '', '', '0', '1', '80', '0', '14', '0', '0.8', '0.99206', '1', '0', '0', '2000', '2000', '1', '1', '1', '0', '2048', '0', '0', '6', '0', '0', '0', '0', '0', '0', '0', '0', 'AssistanceAI', '1', '1', '0.25', '0', '1', '0.2', '1', '0', '0', '1', '0', '0', '0', 'AssistanceAI', '12340');

-- 剑圣
INSERT INTO `world`.`creature_template` (`entry`, `difficulty_entry_1`, `difficulty_entry_2`, `difficulty_entry_3`, `KillCredit1`, `KillCredit2`, `modelid1`, `modelid2`, `modelid3`, `modelid4`, `name`, `subname`, `IconName`, `gossip_menu_id`, `minlevel`, `maxlevel`, `exp`, `faction`, `npcflag`, `speed_walk`, `speed_run`, `scale`, `rank`, `dmgschool`, `BaseAttackTime`, `RangeAttackTime`, `BaseVariance`, `RangeVariance`, `unit_class`, `unit_flags`, `unit_flags2`, `dynamicflags`, `family`, `type`, `type_flags`, `lootid`, `pickpocketloot`, `skinloot`, `PetSpellDataId`, `VehicleId`, `mingold`, `maxgold`, `AIName`, `MovementType`, `HoverHeight`, `HealthModifier`, `ManaModifier`, `ArmorModifier`, `DamageModifier`, `ExperienceModifier`, `RacialLeader`, `movementId`, `RegenHealth`, `mechanic_immune_mask`, `spell_school_immune_mask`, `flags_extra`, `ScriptName`, `VerifiedBuild`) VALUES
('45013', '0', '0', '0', '0', '0', '25489', '0', '0', '0', '剑圣', '', '', '0', '1', '80', '0', '35', '2', '1', '1.14286', '0.6', '0', '0', '1000', '2000', '1', '1', '1', '0', '2048', '0', '0', '7', '0', '0', '0', '0', '0', '0', '0', '0', 'AssistanceAI', '0', '1', '1.1', '1', '1', '1.2', '1', '0', '0', '1', '0', '0', '0', 'AssistanceAI', '12340');
INSERT INTO `world`.`creature_equip_template` (`CreatureID`, `ID`, `ItemID1`, `ItemID2`, `ItemID3`, `VerifiedBuild`) VALUES ('45013', '1', '30204', '0', '0', '18019');
insert into world.creature_template_spell (`CreatureID`, `Index`, `Spell`, `VerifiedBuild`) VALUES ('45013', '0', '85990', '12340');
insert into world.creature_template_spell (`CreatureID`, `Index`, `Spell`, `VerifiedBuild`) VALUES ('45013', '1', '85898', '12340');
insert into world.creature_template_spell (`CreatureID`, `Index`, `Spell`, `VerifiedBuild`) VALUES ('45013', '2', '85899', '12340');
insert into world.creature_template_spell (`CreatureID`, `Index`, `Spell`, `VerifiedBuild`) VALUES ('45013', '3', '85995', '12340');

  -- 镜像
INSERT INTO `world`.`creature_template` (`entry`, `difficulty_entry_1`, `difficulty_entry_2`, `difficulty_entry_3`, `KillCredit1`, `KillCredit2`, `modelid1`, `modelid2`, `modelid3`, `modelid4`, `name`, `subname`, `IconName`, `gossip_menu_id`, `minlevel`, `maxlevel`, `exp`, `faction`, `npcflag`, `speed_walk`, `speed_run`, `scale`, `rank`, `dmgschool`, `BaseAttackTime`, `RangeAttackTime`, `BaseVariance`, `RangeVariance`, `unit_class`, `unit_flags`, `unit_flags2`, `dynamicflags`, `family`, `type`, `type_flags`, `lootid`, `pickpocketloot`, `skinloot`, `PetSpellDataId`, `VehicleId`, `mingold`, `maxgold`, `AIName`, `MovementType`, `HoverHeight`, `HealthModifier`, `ManaModifier`, `ArmorModifier`, `DamageModifier`, `ExperienceModifier`, `RacialLeader`, `movementId`, `RegenHealth`, `mechanic_immune_mask`, `spell_school_immune_mask`, `flags_extra`, `ScriptName`, `VerifiedBuild`) VALUES 
('46022', '0', '0', '0', '0', '0', '25489', '0', '0', '0', '剑圣', '', '', '0', '1', '80', '0', '35', '0', '1', '1.14286', '0.6', '0', '0', '1000', '2000', '1', '1', '1', '0', '2048', '0', '0', '7', '0', '0', '0', '0', '0', '0', '0', '0', 'AssistanceAI', '1', '1', '0.5', '1', '1', '1', '1', '0', '0', '1', '0', '0', '0', 'AssistanceAI', '12340');
INSERT INTO `world`.`creature_equip_template` (`CreatureID`, `ID`, `ItemID1`, `ItemID2`, `ItemID3`, `VerifiedBuild`) VALUES ('46022', '1', '28087', '0', '0', '18019');

-- 深渊魔王
INSERT INTO `world`.`creature_template` (`entry`, `difficulty_entry_1`, `difficulty_entry_2`, `difficulty_entry_3`, `KillCredit1`, `KillCredit2`, `modelid1`, `modelid2`, `modelid3`, `modelid4`, `name`, `subname`, `IconName`, `gossip_menu_id`, `minlevel`, `maxlevel`, `exp`, `faction`, `npcflag`, `speed_walk`, `speed_run`, `scale`, `rank`, `dmgschool`, `BaseAttackTime`, `RangeAttackTime`, `BaseVariance`, `RangeVariance`, `unit_class`, `unit_flags`, `unit_flags2`, `dynamicflags`, `family`, `type`, `type_flags`, `lootid`, `pickpocketloot`, `skinloot`, `PetSpellDataId`, `VehicleId`, `mingold`, `maxgold`, `AIName`, `MovementType`, `HoverHeight`, `HealthModifier`, `ManaModifier`, `ArmorModifier`, `DamageModifier`, `ExperienceModifier`, `RacialLeader`, `movementId`, `RegenHealth`, `mechanic_immune_mask`, `spell_school_immune_mask`, `flags_extra`, `ScriptName`, `VerifiedBuild`) VALUES 
('45014', '0', '0', '0', '0', '0', '18527', '0', '0', '0', '深渊魔王', '', '', '0', '1', '80', '0', '14', '2', '1', '1.14286', '0.25', '0', '0', '2000', '2000', '1', '1', '1', '0', '2048', '0', '0', '3', '0', '0', '0', '0', '0', '0', '0', '0', 'AssistanceAI', '0', '1', '1.1', '1', '1', '1.2', '1', '0', '0', '1', '0', '0', '0', 'AssistanceAI', '12340');
INSERT INTO `world`.`creature_equip_template` (`CreatureID`, `ID`, `ItemID1`, `ItemID2`, `ItemID3`, `VerifiedBuild`) VALUES ('45014', '1', '28365', '0', '0', '18019');

insert into world.creature_template_spell (`CreatureID`, `Index`, `Spell`, `VerifiedBuild`) VALUES ('45014', '0', '85895', '12340');
insert into world.creature_template_spell (`CreatureID`, `Index`, `Spell`, `VerifiedBuild`) VALUES ('45014', '1', '85887', '12340');
insert into world.creature_template_spell (`CreatureID`, `Index`, `Spell`, `VerifiedBuild`) VALUES ('45014', '2', '85886', '12340');
insert into world.creature_template_spell (`CreatureID`, `Index`, `Spell`, `VerifiedBuild`) VALUES ('45014', '3', '85885', '12340');
INSERT INTO `world`.`spell_script_names` (`spell_id`, `ScriptName`) VALUES ('85887', 'spell_rain_of_fire');
INSERT INTO `world`.`spell_script_names` (`spell_id`, `ScriptName`) VALUES ('85883', 'spell_doom_curse');

 -- 毁灭守卫alter
INSERT INTO `world`.`creature_template` (`entry`, `difficulty_entry_1`, `difficulty_entry_2`, `difficulty_entry_3`, `KillCredit1`, `KillCredit2`, `modelid1`, `modelid2`, `modelid3`, `modelid4`, `name`, `subname`, `IconName`, `gossip_menu_id`, `minlevel`, `maxlevel`, `exp`, `faction`, `npcflag`, `speed_walk`, `speed_run`, `scale`, `rank`, `dmgschool`, `BaseAttackTime`, `RangeAttackTime`, `BaseVariance`, `RangeVariance`, `unit_class`, `unit_flags`, `unit_flags2`, `dynamicflags`, `family`, `type`, `type_flags`, `lootid`, `pickpocketloot`, `skinloot`, `PetSpellDataId`, `VehicleId`, `mingold`, `maxgold`, `AIName`, `MovementType`, `HoverHeight`, `HealthModifier`, `ManaModifier`, `ArmorModifier`, `DamageModifier`, `ExperienceModifier`, `RacialLeader`, `movementId`, `RegenHealth`, `mechanic_immune_mask`, `spell_school_immune_mask`, `flags_extra`, `ScriptName`, `VerifiedBuild`) VALUES 
('46027', '0', '0', '0', '0', '0', '1912', '0', '0', '0', '毁灭守卫', '', '', '0', '1', '80', '0', '954', '0', '1', '1.14286', '1', '0', '0', '2000', '2000', '1', '1', '2', '0', '2048', '0', '19', '3', '0', '0', '0', '0', '0', '0', '0', '0', 'AssistanceAI', '0', '1', '1.3', '1.6915', '1.2', '0.5', '1', '0', '121', '1', '0', '0', '64', 'AssistanceAI', '12340');
insert into world.creature_template_spell (`CreatureID`, `Index`, `Spell`, `VerifiedBuild`) VALUES ('46027', '0', '85887', '12340');
insert into world.creature_template_spell (`CreatureID`, `Index`, `Spell`, `VerifiedBuild`) VALUES ('46027', '1', '85950', '12340');
insert into world.creature_template_spell (`CreatureID`, `Index`, `Spell`, `VerifiedBuild`) VALUES ('46027', '2', '87263', '12340');

-- 月之女祭司alter
INSERT INTO `world`.`creature_template` (`entry`, `difficulty_entry_1`, `difficulty_entry_2`, `difficulty_entry_3`, `KillCredit1`, `KillCredit2`, `modelid1`, `modelid2`, `modelid3`, `modelid4`, `name`, `subname`, `IconName`, `gossip_menu_id`, `minlevel`, `maxlevel`, `exp`, `faction`, `npcflag`, `speed_walk`, `speed_run`, `scale`, `rank`, `dmgschool`, `BaseAttackTime`, `RangeAttackTime`, `BaseVariance`, `RangeVariance`, `unit_class`, `unit_flags`, `unit_flags2`, `dynamicflags`, `family`, `type`, `type_flags`, `lootid`, `pickpocketloot`, `skinloot`, `PetSpellDataId`, `VehicleId`, `mingold`, `maxgold`, `AIName`, `MovementType`, `HoverHeight`, `HealthModifier`, `ManaModifier`, `ArmorModifier`, `DamageModifier`, `ExperienceModifier`, `RacialLeader`, `movementId`, `RegenHealth`, `mechanic_immune_mask`, `spell_school_immune_mask`, `flags_extra`, `ScriptName`, `VerifiedBuild`) VALUES 
('45015', '0', '0', '0', '0', '0', '17873', '0', '0', '0', '月之女祭司', '', '', '0', '1', '80', '0', '1718', '2', '1', '1.14286', '0.6', '0', '0', '2000', '2000', '1', '1', '1', '0', '2048', '0', '0', '7', '12', '0', '0', '0', '0', '0', '0', '0', 'AssistanceAI', '0', '1', '0.95', '1', '1', '1', '1', '0', '0', '1', '0', '0', '0', 'AssistanceAI', '12340');

-- 血魔法师alter
INSERT INTO `world`.`creature_template` (`entry`, `difficulty_entry_1`, `difficulty_entry_2`, `difficulty_entry_3`, `KillCredit1`, `KillCredit2`, `modelid1`, `modelid2`, `modelid3`, `modelid4`, `name`, `subname`, `IconName`, `gossip_menu_id`, `minlevel`, `maxlevel`, `exp`, `faction`, `npcflag`, `speed_walk`, `speed_run`, `scale`, `rank`, `dmgschool`, `BaseAttackTime`, `RangeAttackTime`, `BaseVariance`, `RangeVariance`, `unit_class`, `unit_flags`, `unit_flags2`, `dynamicflags`, `family`, `type`, `type_flags`, `lootid`, `pickpocketloot`, `skinloot`, `PetSpellDataId`, `VehicleId`, `mingold`, `maxgold`, `AIName`, `MovementType`, `HoverHeight`, `HealthModifier`, `ManaModifier`, `ArmorModifier`, `DamageModifier`, `ExperienceModifier`, `RacialLeader`, `movementId`, `RegenHealth`, `mechanic_immune_mask`, `spell_school_immune_mask`, `flags_extra`, `ScriptName`, `VerifiedBuild`) VALUES 
('45016', '0', '0', '0', '0', '0', '20023', '0', '0', '0', '血魔法师', '', '', '0', '1', '80', '0', '16', '2', '1', '1.14286', '0.4', '0', '0', '2000', '2000', '1', '1', '0', '0', '2048', '0', '0', '7', '12', '0', '0', '0', '0', '0', '0', '0', 'AssistanceAI', '0', '1', '0.95', '1', '1', '1', '1', '0', '0', '1', '0', '0', '0', 'AssistanceAI', '12340');
insert into world.creature_template_spell (`CreatureID`, `Index`, `Spell`, `VerifiedBuild`) VALUES ('45016', '0', '85970', '12340');
INSERT INTO `world`.`creature_template_spell` (`CreatureID`, `Index`, `Spell`, `VerifiedBuild`) VALUES ('45016', '1', '85872', '12340');
INSERT INTO `world`.`creature_template_spell` (`CreatureID`, `Index`, `Spell`, `VerifiedBuild`) VALUES ('45016', '2', '85870', '12340');
insert into world.creature_template_spell (`CreatureID`, `Index`, `Spell`, `VerifiedBuild`) VALUES ('45016', '3', '85871', '12340');
INSERT INTO `world`.`creature_template_spell` (`CreatureID`, `Index`, `Spell`, `VerifiedBuild`) VALUES ('45016', '4', '85971', '12340');
UPDATE `world`.`creature_template` SET `unit_class` = '128', `type_flags` = '0' WHERE (`entry` = '45016');

-- 火凤凰alter
INSERT INTO `world`.`creature_template` (`entry`, `difficulty_entry_1`, `difficulty_entry_2`, `difficulty_entry_3`, `KillCredit1`, `KillCredit2`, `modelid1`, `modelid2`, `modelid3`, `modelid4`, `name`, `subname`, `IconName`, `gossip_menu_id`, `minlevel`, `maxlevel`, `exp`, `faction`, `npcflag`, `speed_walk`, `speed_run`, `scale`, `rank`, `dmgschool`, `BaseAttackTime`, `RangeAttackTime`, `BaseVariance`, `RangeVariance`, `unit_class`, `unit_flags`, `unit_flags2`, `dynamicflags`, `family`, `type`, `type_flags`, `lootid`, `pickpocketloot`, `skinloot`, `PetSpellDataId`, `VehicleId`, `mingold`, `maxgold`, `AIName`, `MovementType`, `HoverHeight`, `HealthModifier`, `ManaModifier`, `ArmorModifier`, `DamageModifier`, `ExperienceModifier`, `RacialLeader`, `movementId`, `RegenHealth`, `mechanic_immune_mask`, `spell_school_immune_mask`, `flags_extra`, `ScriptName`, `VerifiedBuild`) VALUES 
('46028', '0', '0', '0', '0', '0', '19682', '0', '0', '0', '凤凰', '', '', '0', '1', '80', '0', '14', '0', '1', '1.14286', '1', '0', '0', '2000', '2000', '1', '1', '2', '0', '2048', '0', '0', '4', '0', '0', '0', '0', '0', '0', '0', '0', 'AssistanceAI', '0', '1', '1.2', '0', '1', '1', '1', '0', '88', '1', '0', '0', '0', 'AssistanceAI', '12340');
insert into world.creature_template_spell (`CreatureID`, `Index`, `Spell`, `VerifiedBuild`) VALUES ('46028', '0', '85867', '12340');
insert into world.creature_template_spell (`CreatureID`, `Index`, `Spell`, `VerifiedBuild`) VALUES ('46028', '1', '85868', '12340');

-- 战士
-- 饰品
delete from world.item_template where entry=60001;
INSERT INTO `world`.`item_template` (`entry`, `class`, `subclass`, `SoundOverrideSubclass`, `name`, `displayid`, `Quality`, `Flags`, `FlagsExtra`, `BuyCount`, `BuyPrice`, `SellPrice`, `InventoryType`, `AllowableClass`, `AllowableRace`, `ItemLevel`, `RequiredLevel`, `RequiredSkill`, `RequiredSkillRank`, `requiredspell`, `requiredhonorrank`, `RequiredCityRank`, `RequiredReputationFaction`, `RequiredReputationRank`, `maxcount`, `stackable`, `ContainerSlots`, `StatsCount`, `stat_type1`, `stat_value1`, `stat_type2`, `stat_value2`, `stat_type3`, `stat_value3`, `stat_type4`, `stat_value4`, `stat_type5`, `stat_value5`, `stat_type6`, `stat_value6`, `stat_type7`, `stat_value7`, `stat_type8`, `stat_value8`, `stat_type9`, `stat_value9`, `stat_type10`, `stat_value10`, `ScalingStatDistribution`, `ScalingStatValue`, `dmg_min1`, `dmg_max1`, `dmg_type1`, `dmg_min2`, `dmg_max2`, `dmg_type2`, `armor`, `holy_res`, `fire_res`, `nature_res`, `frost_res`, `shadow_res`, `arcane_res`, `delay`, `ammo_type`, `RangedModRange`, `spellid_1`, `spelltrigger_1`, `spellcharges_1`, `spellppmRate_1`, `spellcooldown_1`, `spellcategory_1`, `spellcategorycooldown_1`, `spellid_2`, `spelltrigger_2`, `spellcharges_2`, `spellppmRate_2`, `spellcooldown_2`, `spellcategory_2`, `spellcategorycooldown_2`, `spellid_3`, `spelltrigger_3`, `spellcharges_3`, `spellppmRate_3`, `spellcooldown_3`, `spellcategory_3`, `spellcategorycooldown_3`, `spellid_4`, `spelltrigger_4`, `spellcharges_4`, `spellppmRate_4`, `spellcooldown_4`, `spellcategory_4`, `spellcategorycooldown_4`, `spellid_5`, `spelltrigger_5`, `spellcharges_5`, `spellppmRate_5`, `spellcooldown_5`, `spellcategory_5`, `spellcategorycooldown_5`, `bonding`, `description`, `PageText`, `LanguageID`, `PageMaterial`, `startquest`, `lockid`, `Material`, `sheath`, `RandomProperty`, `RandomSuffix`, `block`, `itemset`, `MaxDurability`, `area`, `Map`, `BagFamily`, `TotemCategory`, `socketColor_1`, `socketContent_1`, `socketColor_2`, `socketContent_2`, `socketColor_3`, `socketContent_3`, `socketBonus`, `GemProperties`, `RequiredDisenchantSkill`, `ArmorDamageModifier`, `duration`, `ItemLimitCategory`, `HolidayId`, `ScriptName`, `DisenchantID`, `FoodType`, `minMoneyLoot`, `maxMoneyLoot`, `flagsCustom`, `VerifiedBuild`) VALUES ('60001', '4', '0', '0', '布洛克斯的勇气', '45597', '5', '0', '0', '1', '0', '0', '12', '1', '-1', '300', '0', '0', '0', '0', '0', '0', '0', '0', '0', '1', '0', '0', '0', '0', '0', '0', '0', '0', '0', '0', '0', '0', '0', '0', '0', '0', '0', '0', '0', '0', '0', '0', '0', '0', '0', '0', '0', '0', '0', '0', '0', '0', '0', '0', '0', '0', '0', '0', '0', '0', '88005', '1', '0', '0', '-1', '0', '-1', '88012', '1', '0', '0', '-1', '0', '-1', '0', '0', '0', '0', '-1', '0', '-1', '0', '0', '0', '0', '-1', '0', '-1', '0', '0', '0', '0', '-1', '0', '-1', '1', '我能拿什么去面对诸界毁灭者？除了勇气，其他的都微不足道。', '0', '0', '0', '0', '0', '-1', '0', '0', '0', '0', '0', '0', '0', '0', '0', '0', '0', '0', '0', '0', '0', '0', '0', '0', '-1', '0', '0', '0', '0', '', '0', '0', '0', '0', '0', '12340');

-- 创建角色：武器技能
-- 单手剑
UPDATE `world`.`playercreateinfo_skills` SET `classMask`='47' WHERE `skill`='43';
-- 单手锤
UPDATE `world`.`playercreateinfo_skills` SET `classMask`='1115' WHERE `skill`='54';


-- 为商人 添加 矿石
delete from world.npc_vendor where entry=27914 and item>=60101;
UPDATE `world`.`npc_vendor` SET `item`='40753' WHERE `entry`='27914' and`item`='38308' and`ExtendedCost`='2411';
UPDATE `world`.`npc_vendor` SET `item`='47241' WHERE `entry`='27914' and`item`='38291' and`ExtendedCost`='2408';
UPDATE `world`.`npc_vendor` SET `item`='49426' WHERE `entry`='27914' and`item`='38161' and`ExtendedCost`='2409';

INSERT INTO `world`.`npc_vendor` (`entry`, `slot`, `item`, `maxcount`, `incrtime`, `ExtendedCost`, `VerifiedBuild`) VALUES ('27914', '10', '60101', '0', '0', '3000', '0');
INSERT INTO `world`.`npc_vendor` (`entry`, `slot`, `item`, `maxcount`, `incrtime`, `ExtendedCost`, `VerifiedBuild`) VALUES ('27914', '11', '60102', '0', '0', '3000', '0');


UPDATE `world`.`creature_template` SET `flags_extra`='0' WHERE `entry`='27914';
delete from world.npc_vendor where entry=43500;
INSERT INTO world.npc_vendor (`entry`, `slot`, `item`) VALUES ('43500', '0', '2770');
INSERT INTO world.npc_vendor (`entry`, `slot`, `item`) VALUES ('43500', '1', '2771');
INSERT INTO world.npc_vendor (`entry`, `slot`, `item`) VALUES ('43500', '2', '2775');
INSERT INTO world.npc_vendor (`entry`, `slot`, `item`) VALUES ('43500', '3', '2772');
INSERT INTO world.npc_vendor (`entry`, `slot`, `item`) VALUES ('43500', '4', '2776');
INSERT INTO world.npc_vendor (`entry`, `slot`, `item`) VALUES ('43500', '5', '7911');
INSERT INTO world.npc_vendor (`entry`, `slot`, `item`) VALUES ('43500', '6', '3858');
INSERT INTO world.npc_vendor (`entry`, `slot`, `item`) VALUES ('43500', '7', '10620');
INSERT INTO world.npc_vendor (`entry`, `slot`, `item`) VALUES ('43500', '8', '23424');
INSERT INTO world.npc_vendor (`entry`, `slot`, `item`) VALUES ('43500', '9', '23425');
INSERT INTO world.npc_vendor (`entry`, `slot`, `item`) VALUES ('43500', '10', '23427');
INSERT INTO world.npc_vendor (`entry`, `slot`, `item`) VALUES ('43500', '11', '23426');
INSERT INTO world.npc_vendor (`entry`, `slot`, `item`) VALUES ('43500', '12', '36909');
INSERT INTO world.npc_vendor (`entry`, `slot`, `item`) VALUES ('43500', '13', '36912');
INSERT INTO world.npc_vendor (`entry`, `slot`, `item`) VALUES ('43500', '14', '36910');

-- 添加 金属锭
INSERT INTO world.npc_vendor (`entry`, `slot`, `item`) VALUES ('43500', '19', '2840');
INSERT INTO world.npc_vendor (`entry`, `slot`, `item`) VALUES ('43500', '20', '3576');
INSERT INTO world.npc_vendor (`entry`, `slot`, `item`) VALUES ('43500', '21', '2841');
INSERT INTO world.npc_vendor (`entry`, `slot`, `item`) VALUES ('43500', '22', '2842');
INSERT INTO world.npc_vendor (`entry`, `slot`, `item`) VALUES ('43500', '23', '3575');
INSERT INTO world.npc_vendor (`entry`, `slot`, `item`) VALUES ('43500', '24', '3859');
INSERT INTO world.npc_vendor (`entry`, `slot`, `item`) VALUES ('43500', '25', '3577');
INSERT INTO world.npc_vendor (`entry`, `slot`, `item`) VALUES ('43500', '26', '6037');
INSERT INTO world.npc_vendor (`entry`, `slot`, `item`) VALUES ('43500', '27', '3860');
INSERT INTO world.npc_vendor (`entry`, `slot`, `item`) VALUES ('43500', '28', '12359');
INSERT INTO world.npc_vendor (`entry`, `slot`, `item`) VALUES ('43500', '29', '12360');
INSERT INTO world.npc_vendor (`entry`, `slot`, `item`) VALUES ('43500', '30', '23445');
INSERT INTO world.npc_vendor (`entry`, `slot`, `item`) VALUES ('43500', '31', '23448');
INSERT INTO world.npc_vendor (`entry`, `slot`, `item`) VALUES ('43500', '32', '23446');
INSERT INTO world.npc_vendor (`entry`, `slot`, `item`) VALUES ('43500', '33', '23447');
INSERT INTO world.npc_vendor (`entry`, `slot`, `item`) VALUES ('43500', '34', '23573');
INSERT INTO world.npc_vendor (`entry`, `slot`, `item`) VALUES ('43500', '35', '23449');
INSERT INTO world.npc_vendor (`entry`, `slot`, `item`) VALUES ('43500', '36', '36916');
INSERT INTO world.npc_vendor (`entry`, `slot`, `item`) VALUES ('43500', '37', '36913');
INSERT INTO world.npc_vendor (`entry`, `slot`, `item`) VALUES ('43500', '38', '41163');
INSERT INTO world.npc_vendor (`entry`, `slot`, `item`) VALUES ('43500', '39', '37663');

-- 添加 石头
INSERT INTO world.npc_vendor (`entry`, `slot`, `item`) VALUES ('43500', '40', '2835');
INSERT INTO world.npc_vendor (`entry`, `slot`, `item`) VALUES ('43500', '41', '2836');
INSERT INTO world.npc_vendor (`entry`, `slot`, `item`) VALUES ('43500', '42', '2838');
INSERT INTO world.npc_vendor (`entry`, `slot`, `item`) VALUES ('43500', '43', '7912');
INSERT INTO world.npc_vendor (`entry`, `slot`, `item`) VALUES ('43500', '44', '12365');

-- 添加 草药
INSERT INTO world.npc_vendor (`entry`, `slot`, `item`) VALUES ('43500', '50', '2447');
INSERT INTO world.npc_vendor (`entry`, `slot`, `item`) VALUES ('43500', '51', '765');
INSERT INTO world.npc_vendor (`entry`, `slot`, `item`) VALUES ('43500', '52', '2449');
INSERT INTO world.npc_vendor (`entry`, `slot`, `item`) VALUES ('43500', '53', '785');
INSERT INTO world.npc_vendor (`entry`, `slot`, `item`) VALUES ('43500', '54', '2450');
INSERT INTO world.npc_vendor (`entry`, `slot`, `item`) VALUES ('43500', '55', '2452');
INSERT INTO world.npc_vendor (`entry`, `slot`, `item`) VALUES ('43500', '56', '2453');
INSERT INTO world.npc_vendor (`entry`, `slot`, `item`) VALUES ('43500', '57', '3820');
INSERT INTO world.npc_vendor (`entry`, `slot`, `item`) VALUES ('43500', '58', '3355');
INSERT INTO world.npc_vendor (`entry`, `slot`, `item`) VALUES ('43500', '59', '3369');
INSERT INTO world.npc_vendor (`entry`, `slot`, `item`) VALUES ('43500', '60', '3356');
INSERT INTO world.npc_vendor (`entry`, `slot`, `item`) VALUES ('43500', '61', '3357');
INSERT INTO world.npc_vendor (`entry`, `slot`, `item`) VALUES ('43500', '62', '3818');
INSERT INTO world.npc_vendor (`entry`, `slot`, `item`) VALUES ('43500', '63', '3821');
INSERT INTO world.npc_vendor (`entry`, `slot`, `item`) VALUES ('43500', '64', '3358');
INSERT INTO world.npc_vendor (`entry`, `slot`, `item`) VALUES ('43500', '65', '4625');
INSERT INTO world.npc_vendor (`entry`, `slot`, `item`) VALUES ('43500', '66', '8831');
INSERT INTO world.npc_vendor (`entry`, `slot`, `item`) VALUES ('43500', '67', '8836');
INSERT INTO world.npc_vendor (`entry`, `slot`, `item`) VALUES ('43500', '68', '8838');
INSERT INTO world.npc_vendor (`entry`, `slot`, `item`) VALUES ('43500', '69', '8839');
INSERT INTO world.npc_vendor (`entry`, `slot`, `item`) VALUES ('43500', '70', '8845');
INSERT INTO world.npc_vendor (`entry`, `slot`, `item`) VALUES ('43500', '71', '8846');
INSERT INTO world.npc_vendor (`entry`, `slot`, `item`) VALUES ('43500', '72', '13464');
INSERT INTO world.npc_vendor (`entry`, `slot`, `item`) VALUES ('43500', '73', '13463');
INSERT INTO world.npc_vendor (`entry`, `slot`, `item`) VALUES ('43500', '74', '13465');
INSERT INTO world.npc_vendor (`entry`, `slot`, `item`) VALUES ('43500', '75', '13466');
INSERT INTO world.npc_vendor (`entry`, `slot`, `item`) VALUES ('43500', '76', '13467');
INSERT INTO world.npc_vendor (`entry`, `slot`, `item`) VALUES ('43500', '77', '13468');
INSERT INTO world.npc_vendor (`entry`, `slot`, `item`) VALUES ('43500', '78', '22785');
INSERT INTO world.npc_vendor (`entry`, `slot`, `item`) VALUES ('43500', '79', '22789');
INSERT INTO world.npc_vendor (`entry`, `slot`, `item`) VALUES ('43500', '80', '22786');
INSERT INTO world.npc_vendor (`entry`, `slot`, `item`) VALUES ('43500', '81', '22787');
INSERT INTO world.npc_vendor (`entry`, `slot`, `item`) VALUES ('43500', '82', '22790');
INSERT INTO world.npc_vendor (`entry`, `slot`, `item`) VALUES ('43500', '83', '22791');
INSERT INTO world.npc_vendor (`entry`, `slot`, `item`) VALUES ('43500', '84', '22792');
INSERT INTO world.npc_vendor (`entry`, `slot`, `item`) VALUES ('43500', '85', '22793');
INSERT INTO world.npc_vendor (`entry`, `slot`, `item`) VALUES ('43500', '86', '22794');
INSERT INTO world.npc_vendor (`entry`, `slot`, `item`) VALUES ('43500', '87', '36901');
INSERT INTO world.npc_vendor (`entry`, `slot`, `item`) VALUES ('43500', '88', '37921');
INSERT INTO world.npc_vendor (`entry`, `slot`, `item`) VALUES ('43500', '89', '36904');
INSERT INTO world.npc_vendor (`entry`, `slot`, `item`) VALUES ('43500', '90', '36906');
INSERT INTO world.npc_vendor (`entry`, `slot`, `item`) VALUES ('43500', '91', '36908');
INSERT INTO world.npc_vendor (`entry`, `slot`, `item`) VALUES ('43500', '92', '36907');
INSERT INTO world.npc_vendor (`entry`, `slot`, `item`) VALUES ('43500', '93', '36903');
INSERT INTO world.npc_vendor (`entry`, `slot`, `item`) VALUES ('43500', '94', '36905');

-- 添加皮革
INSERT INTO world.npc_vendor (`entry`, `slot`, `item`) VALUES ('43500', '95', '2934');
INSERT INTO world.npc_vendor (`entry`, `slot`, `item`) VALUES ('43500', '96', '2318');
INSERT INTO world.npc_vendor (`entry`, `slot`, `item`) VALUES ('43500', '97', '783');
INSERT INTO world.npc_vendor (`entry`, `slot`, `item`) VALUES ('43500', '98', '2319');
INSERT INTO world.npc_vendor (`entry`, `slot`, `item`) VALUES ('43500', '99', '4234');



-- 新npc
-- 小黑杨
INSERT INTO `world`.`creature_template` (`entry`, `difficulty_entry_1`, `difficulty_entry_2`, `difficulty_entry_3`, `KillCredit1`, `KillCredit2`, `modelid1`, `modelid2`, `modelid3`, `modelid4`, `name`, `subname`, `IconName`, `gossip_menu_id`, `minlevel`, `maxlevel`, `exp`, `faction`, `npcflag`, `speed_walk`, `speed_run`, `scale`, `rank`, `dmgschool`, `BaseAttackTime`, `RangeAttackTime`, `BaseVariance`, `RangeVariance`, `unit_class`, `unit_flags`, `unit_flags2`, `dynamicflags`, `family`, `type`, `type_flags`, `lootid`, `pickpocketloot`, `skinloot`, `PetSpellDataId`, `VehicleId`, `mingold`, `maxgold`, `AIName`, `MovementType`, `HoverHeight`, `HealthModifier`, `ManaModifier`, `ArmorModifier`, `DamageModifier`, `ExperienceModifier`, `RacialLeader`, `movementId`, `RegenHealth`, `mechanic_immune_mask`, `spell_school_immune_mask`, `flags_extra`, `ScriptName`, `VerifiedBuild`) VALUES 
('43500', '0', '0', '0', '0', '0', '857', '0', '0', '0', '小黑羊', '微微的守护者', '', '0', '80', '80', '0', '1665', '128', '1.2', '1.24286', '1.3', '0', '0', '2000', '2000', '1', '1', '1', '32768', '2048', '0', '0', '7', '2048', '0', '0', '0', '0', '0', '0', '0', 'SmartAI', '0', '1', '30', '0', '1', '1', '1', '0', '0', '1', '0', '0', '0', '', '12340');
-- 微微
INSERT INTO `world`.`creature_template` (`entry`, `difficulty_entry_1`, `difficulty_entry_2`, `difficulty_entry_3`, `KillCredit1`, `KillCredit2`, `modelid1`, `modelid2`, `modelid3`, `modelid4`, `name`, `subname`, `IconName`, `gossip_menu_id`, `minlevel`, `maxlevel`, `exp`, `faction`, `npcflag`, `speed_walk`, `speed_run`, `scale`, `rank`, `dmgschool`, `BaseAttackTime`, `RangeAttackTime`, `BaseVariance`, `RangeVariance`, `unit_class`, `unit_flags`, `unit_flags2`, `dynamicflags`, `family`, `type`, `type_flags`, `lootid`, `pickpocketloot`, `skinloot`, `PetSpellDataId`, `VehicleId`, `mingold`, `maxgold`, `AIName`, `MovementType`, `HoverHeight`, `HealthModifier`, `ManaModifier`, `ArmorModifier`, `DamageModifier`, `ExperienceModifier`, `RacialLeader`, `movementId`, `RegenHealth`, `mechanic_immune_mask`, `spell_school_immune_mask`, `flags_extra`, `ScriptName`, `VerifiedBuild`) VALUES 
('43501', '0', '0', '0', '0', '0', '19193', '0', '0', '0', '微微', '牧羊姑娘', '', '0', '80', '80', '0', '1665', '2', '1', '1.14286', '1', '1', '0', '2000', '2000', '1', '1', '2', '32768', '2048', '0', '0', '7', '2048', '0', '0', '0', '0', '0', '0', '0', 'SmartAI', '1', '1', '30', '1', '1', '1', '1', '0', '0', '1', '0', '0', '0', '', '12340');

-- Spawn
INSERT INTO `world`.`creature` (`guid`, `id`, `map`, `zoneId`, `areaId`, `spawnMask`, `phaseMask`, `modelid`, `equipment_id`, `position_x`, `position_y`, `position_z`, `orientation`, `spawntimesecs`, `wander_distance`, `currentwaypoint`, `curhealth`, `curmana`, `MovementType`, `npcflag`, `unit_flags`, `dynamicflags`, `ScriptName`, `VerifiedBuild`) VALUES ('223820', '43501', '1', '0', '0', '1', '1', '0', '0', '16242.1', '16304.9', '20.899', '6.18652', '300', '0', '0', '128220', '3994', '0', '0', '0', '0', '', '0');
INSERT INTO `world`.`creature` (`guid`, `id`, `map`, `zoneId`, `areaId`, `spawnMask`, `phaseMask`, `modelid`, `equipment_id`, `position_x`, `position_y`, `position_z`, `orientation`, `spawntimesecs`, `wander_distance`, `currentwaypoint`, `curhealth`, `curmana`, `MovementType`, `npcflag`, `unit_flags`, `dynamicflags`, `ScriptName`, `VerifiedBuild`) VALUES ('223821', '43500', '1', '0', '0', '1', '1', '0', '0', '16242.1', '16306.1', '20.9002', '6.11739', '300', '0', '0', '160260', '0', '0', '0', '0', '0', '', '0');


-- 魔兽英雄 - 任务
UPDATE `world`.`creature_template` SET `npcflag`='131' WHERE `entry`='27914';

-- 山丘
INSERT INTO `world`.`quest_template` (`ID`, `QuestType`, `QuestLevel`, `MinLevel`, `QuestSortID`, `QuestInfoID`, `SuggestedGroupNum`, `RequiredFactionId1`, `RequiredFactionId2`, `RequiredFactionValue1`, `RequiredFactionValue2`, `RewardNextQuest`, `RewardXPDifficulty`, `RewardMoney`, `RewardBonusMoney`, `RewardDisplaySpell`, `RewardSpell`, `RewardHonor`, `RewardKillHonor`, `StartItem`, `Flags`, `RequiredPlayerKills`, `RewardItem1`, `RewardAmount1`, `RewardItem2`, `RewardAmount2`, `RewardItem3`, `RewardAmount3`, `RewardItem4`, `RewardAmount4`, `ItemDrop1`, `ItemDropQuantity1`, `ItemDrop2`, `ItemDropQuantity2`, `ItemDrop3`, `ItemDropQuantity3`, `ItemDrop4`, `ItemDropQuantity4`, `RewardChoiceItemID1`, `RewardChoiceItemQuantity1`, `RewardChoiceItemID2`, `RewardChoiceItemQuantity2`, `RewardChoiceItemID3`, `RewardChoiceItemQuantity3`, `RewardChoiceItemID4`, `RewardChoiceItemQuantity4`, `RewardChoiceItemID5`, `RewardChoiceItemQuantity5`, `RewardChoiceItemID6`, `RewardChoiceItemQuantity6`, `POIContinent`, `POIx`, `POIy`, `POIPriority`, `RewardTitle`, `RewardTalents`, `RewardArenaPoints`, `RewardFactionID1`, `RewardFactionValue1`, `RewardFactionOverride1`, `RewardFactionID2`, `RewardFactionValue2`, `RewardFactionOverride2`, `RewardFactionID3`, `RewardFactionValue3`, `RewardFactionOverride3`, `RewardFactionID4`, `RewardFactionValue4`, `RewardFactionOverride4`, `RewardFactionID5`, `RewardFactionValue5`, `RewardFactionOverride5`, `TimeAllowed`, `AllowableRaces`, `LogTitle`, `LogDescription`, `QuestDescription`, `AreaDescription`, `QuestCompletionLog`, `RequiredNpcOrGo1`, `RequiredNpcOrGo2`, `RequiredNpcOrGo3`, `RequiredNpcOrGo4`, `RequiredNpcOrGoCount1`, `RequiredNpcOrGoCount2`, `RequiredNpcOrGoCount3`, `RequiredNpcOrGoCount4`, `RequiredItemId1`, `RequiredItemId2`, `RequiredItemId3`, `RequiredItemId4`, `RequiredItemId5`, `RequiredItemId6`, `RequiredItemCount1`, `RequiredItemCount2`, `RequiredItemCount3`, `RequiredItemCount4`, `RequiredItemCount5`, `RequiredItemCount6`, `Unknown0`, `ObjectiveText1`, `ObjectiveText2`, `ObjectiveText3`, `ObjectiveText4`, `VerifiedBuild`) VALUES ('27001', '2', '15', '1', '0', '0', '0', '0', '0', '0', '0', '0', '7', '0', '10000', '86099', '86099', '10', '0', '0', '200', '0', '0', '0', '0', '0', '0', '0', '0', '0', '0', '0', '0', '0', '0', '0', '0', '0', '0', '0', '0', '0', '0', '0', '0', '0', '0', '0', '0', '0', '0', '0', '0', '0', '0', '0', '0', '0', '0', '0', '0', '0', '0', '0', '0', '0', '0', '0', '0', '0', '0', '0', '0', '0', '雷霆与山丘', '收集足够的虚灵货币', '如果你能证明你的实力，就有资格获得这个奖励', '', '召唤虚灵商人完成任务', '0', '0', '0', '0', '0', '0', '0', '0', '38186', '0', '0', '0', '0', '0', '100', '0', '0', '0', '0', '0', '0', '收集虚灵货币', '', '', '', '12340');
INSERT INTO `world`.`creature_queststarter` (`id`, `quest`) VALUES ('27914', '27001');
INSERT INTO `world`.`creature_questender` (`id`, `quest`) VALUES ('27914', '27001');

-- 解散
INSERT INTO `world`.`quest_template` (`ID`, `QuestType`, `QuestLevel`, `MinLevel`, `QuestSortID`, `QuestInfoID`, `SuggestedGroupNum`, `RequiredFactionId1`, `RequiredFactionId2`, `RequiredFactionValue1`, `RequiredFactionValue2`, `RewardNextQuest`, `RewardXPDifficulty`, `RewardMoney`, `RewardBonusMoney`, `RewardDisplaySpell`, `RewardSpell`, `RewardHonor`, `RewardKillHonor`, `StartItem`, `Flags`, `RequiredPlayerKills`, `RewardItem1`, `RewardAmount1`, `RewardItem2`, `RewardAmount2`, `RewardItem3`, `RewardAmount3`, `RewardItem4`, `RewardAmount4`, `ItemDrop1`, `ItemDropQuantity1`, `ItemDrop2`, `ItemDropQuantity2`, `ItemDrop3`, `ItemDropQuantity3`, `ItemDrop4`, `ItemDropQuantity4`, `RewardChoiceItemID1`, `RewardChoiceItemQuantity1`, `RewardChoiceItemID2`, `RewardChoiceItemQuantity2`, `RewardChoiceItemID3`, `RewardChoiceItemQuantity3`, `RewardChoiceItemID4`, `RewardChoiceItemQuantity4`, `RewardChoiceItemID5`, `RewardChoiceItemQuantity5`, `RewardChoiceItemID6`, `RewardChoiceItemQuantity6`, `POIContinent`, `POIx`, `POIy`, `POIPriority`, `RewardTitle`, `RewardTalents`, `RewardArenaPoints`, `RewardFactionID1`, `RewardFactionValue1`, `RewardFactionOverride1`, `RewardFactionID2`, `RewardFactionValue2`, `RewardFactionOverride2`, `RewardFactionID3`, `RewardFactionValue3`, `RewardFactionOverride3`, `RewardFactionID4`, `RewardFactionValue4`, `RewardFactionOverride4`, `RewardFactionID5`, `RewardFactionValue5`, `RewardFactionOverride5`, `TimeAllowed`, `AllowableRaces`, `LogTitle`, `LogDescription`, `QuestDescription`, `AreaDescription`, `QuestCompletionLog`, `RequiredNpcOrGo1`, `RequiredNpcOrGo2`, `RequiredNpcOrGo3`, `RequiredNpcOrGo4`, `RequiredNpcOrGoCount1`, `RequiredNpcOrGoCount2`, `RequiredNpcOrGoCount3`, `RequiredNpcOrGoCount4`, `RequiredItemId1`, `RequiredItemId2`, `RequiredItemId3`, `RequiredItemId4`, `RequiredItemId5`, `RequiredItemId6`, `RequiredItemCount1`, `RequiredItemCount2`, `RequiredItemCount3`, `RequiredItemCount4`, `RequiredItemCount5`, `RequiredItemCount6`, `Unknown0`, `ObjectiveText1`, `ObjectiveText2`, `ObjectiveText3`, `ObjectiveText4`, `VerifiedBuild`) VALUES ('27010', '2', '15', '10', '0', '0', '0', '0', '0', '0', '0', '0', '7', '10000', '0', '87005', '87005', '10', '0', '0', '200', '0', '0', '0', '0', '0', '0', '0', '0', '0', '0', '0', '0', '0', '0', '0', '0', '0', '0', '0', '0', '0', '0', '0', '0', '0', '0', '0', '0', '0', '0', '0', '0', '0', '0', '0', '0', '0', '0', '0', '0', '0', '0', '0', '0', '0', '0', '0', '0', '0', '0', '0', '0', '0', '收队', '收集足够的虚灵货币', '如果你能证明你的实力，就有资格获得这个奖励', '', '召唤虚灵商人完成任务', '0', '0', '0', '0', '0', '0', '0', '0', '38186', '0', '0', '0', '0', '0', '10', '0', '0', '0', '0', '0', '0', '收集虚灵货币', '', '', '', '12340');
INSERT INTO `world`.`creature_queststarter` (`id`, `quest`) VALUES ('27914', '27010');
INSERT INTO `world`.`creature_questender` (`id`, `quest`) VALUES ('27914', '27010');
INSERT INTO `world`.`spell_script_names` (`spell_id`, `ScriptName`) VALUES ('87002', 'spell_assistance_dismiss');

-- 暗影猎手
INSERT INTO `world`.`quest_template` (`ID`, `QuestType`, `QuestLevel`, `MinLevel`, `QuestSortID`, `QuestInfoID`, `SuggestedGroupNum`, `RequiredFactionId1`, `RequiredFactionId2`, `RequiredFactionValue1`, `RequiredFactionValue2`, `RewardNextQuest`, `RewardXPDifficulty`, `RewardMoney`, `RewardBonusMoney`, `RewardDisplaySpell`, `RewardSpell`, `RewardHonor`, `RewardKillHonor`, `StartItem`, `Flags`, `RequiredPlayerKills`, `RewardItem1`, `RewardAmount1`, `RewardItem2`, `RewardAmount2`, `RewardItem3`, `RewardAmount3`, `RewardItem4`, `RewardAmount4`, `ItemDrop1`, `ItemDropQuantity1`, `ItemDrop2`, `ItemDropQuantity2`, `ItemDrop3`, `ItemDropQuantity3`, `ItemDrop4`, `ItemDropQuantity4`, `RewardChoiceItemID1`, `RewardChoiceItemQuantity1`, `RewardChoiceItemID2`, `RewardChoiceItemQuantity2`, `RewardChoiceItemID3`, `RewardChoiceItemQuantity3`, `RewardChoiceItemID4`, `RewardChoiceItemQuantity4`, `RewardChoiceItemID5`, `RewardChoiceItemQuantity5`, `RewardChoiceItemID6`, `RewardChoiceItemQuantity6`, `POIContinent`, `POIx`, `POIy`, `POIPriority`, `RewardTitle`, `RewardTalents`, `RewardArenaPoints`, `RewardFactionID1`, `RewardFactionValue1`, `RewardFactionOverride1`, `RewardFactionID2`, `RewardFactionValue2`, `RewardFactionOverride2`, `RewardFactionID3`, `RewardFactionValue3`, `RewardFactionOverride3`, `RewardFactionID4`, `RewardFactionValue4`, `RewardFactionOverride4`, `RewardFactionID5`, `RewardFactionValue5`, `RewardFactionOverride5`, `TimeAllowed`, `AllowableRaces`, `LogTitle`, `LogDescription`, `QuestDescription`, `AreaDescription`, `QuestCompletionLog`, `RequiredNpcOrGo1`, `RequiredNpcOrGo2`, `RequiredNpcOrGo3`, `RequiredNpcOrGo4`, `RequiredNpcOrGoCount1`, `RequiredNpcOrGoCount2`, `RequiredNpcOrGoCount3`, `RequiredNpcOrGoCount4`, `RequiredItemId1`, `RequiredItemId2`, `RequiredItemId3`, `RequiredItemId4`, `RequiredItemId5`, `RequiredItemId6`, `RequiredItemCount1`, `RequiredItemCount2`, `RequiredItemCount3`, `RequiredItemCount4`, `RequiredItemCount5`, `RequiredItemCount6`, `Unknown0`, `ObjectiveText1`, `ObjectiveText2`, `ObjectiveText3`, `ObjectiveText4`, `VerifiedBuild`) VALUES ('27002', '2', '20', '15', '0', '0', '0', '0', '0', '0', '0', '0', '7', '0', '30000', '85960', '85960', '20', '0', '0', '200', '0', '0', '0', '0', '0', '0', '0', '0', '0', '0', '0', '0', '0', '0', '0', '0', '0', '0', '0', '0', '0', '0', '0', '0', '0', '0', '0', '0', '0', '0', '0', '0', '0', '0', '0', '0', '0', '0', '0', '0', '0', '0', '0', '0', '0', '0', '0', '0', '0', '0', '0', '0', '0', '暗影的代价', '杀死怒焰裂谷的饥饿者塔拉加曼和死亡矿井的艾德温·范克里夫', '如果你能证明你的实力，就有资格获得这个奖励', '', '召唤虚灵商人完成任务', '11520', '639', '0', '0', '1', '1', '0', '0', '0', '0', '0', '0', '0', '0', '0', '0', '0', '0', '0', '0', '0', '消灭饥饿者塔拉加曼', '消灭艾德温·范克里夫', '', '', '12340');
INSERT INTO `world`.`creature_queststarter` (`id`, `quest`) VALUES ('27914', '27002');
INSERT INTO `world`.`creature_questender` (`id`, `quest`) VALUES ('27914', '27002');
UPDATE `world`.`quest_template` SET `LogDescription`='杀死怒焰裂谷的饥饿者塔拉加曼', `RequiredNpcOrGo2`='0', `RequiredNpcOrGoCount2`='0', `ObjectiveText2`='' WHERE `ID`='27002';

-- 守望者
INSERT INTO `world`.`quest_template` (`ID`, `QuestType`, `QuestLevel`, `MinLevel`, `QuestSortID`, `QuestInfoID`, `SuggestedGroupNum`, `RequiredFactionId1`, `RequiredFactionId2`, `RequiredFactionValue1`, `RequiredFactionValue2`, `RewardNextQuest`, `RewardXPDifficulty`, `RewardMoney`, `RewardBonusMoney`, `RewardDisplaySpell`, `RewardSpell`, `RewardHonor`, `RewardKillHonor`, `StartItem`, `Flags`, `RequiredPlayerKills`, `RewardItem1`, `RewardAmount1`, `RewardItem2`, `RewardAmount2`, `RewardItem3`, `RewardAmount3`, `RewardItem4`, `RewardAmount4`, `ItemDrop1`, `ItemDropQuantity1`, `ItemDrop2`, `ItemDropQuantity2`, `ItemDrop3`, `ItemDropQuantity3`, `ItemDrop4`, `ItemDropQuantity4`, `RewardChoiceItemID1`, `RewardChoiceItemQuantity1`, `RewardChoiceItemID2`, `RewardChoiceItemQuantity2`, `RewardChoiceItemID3`, `RewardChoiceItemQuantity3`, `RewardChoiceItemID4`, `RewardChoiceItemQuantity4`, `RewardChoiceItemID5`, `RewardChoiceItemQuantity5`, `RewardChoiceItemID6`, `RewardChoiceItemQuantity6`, `POIContinent`, `POIx`, `POIy`, `POIPriority`, `RewardTitle`, `RewardTalents`, `RewardArenaPoints`, `RewardFactionID1`, `RewardFactionValue1`, `RewardFactionOverride1`, `RewardFactionID2`, `RewardFactionValue2`, `RewardFactionOverride2`, `RewardFactionID3`, `RewardFactionValue3`, `RewardFactionOverride3`, `RewardFactionID4`, `RewardFactionValue4`, `RewardFactionOverride4`, `RewardFactionID5`, `RewardFactionValue5`, `RewardFactionOverride5`, `TimeAllowed`, `AllowableRaces`, `LogTitle`, `LogDescription`, `QuestDescription`, `AreaDescription`, `QuestCompletionLog`, `RequiredNpcOrGo1`, `RequiredNpcOrGo2`, `RequiredNpcOrGo3`, `RequiredNpcOrGo4`, `RequiredNpcOrGoCount1`, `RequiredNpcOrGoCount2`, `RequiredNpcOrGoCount3`, `RequiredNpcOrGoCount4`, `RequiredItemId1`, `RequiredItemId2`, `RequiredItemId3`, `RequiredItemId4`, `RequiredItemId5`, `RequiredItemId6`, `RequiredItemCount1`, `RequiredItemCount2`, `RequiredItemCount3`, `RequiredItemCount4`, `RequiredItemCount5`, `RequiredItemCount6`, `Unknown0`, `ObjectiveText1`, `ObjectiveText2`, `ObjectiveText3`, `ObjectiveText4`, `VerifiedBuild`) VALUES ('27003', '2', '23', '18', '0', '0', '0', '0', '0', '0', '0', '0', '7', '0', '40000', '86101', '86101', '30', '0', '0', '200', '0', '0', '0', '0', '0', '0', '0', '0', '0', '0', '0', '0', '0', '0', '0', '0', '0', '0', '0', '0', '0', '0', '0', '0', '0', '0', '0', '0', '0', '0', '0', '0', '0', '0', '0', '0', '0', '0', '0', '0', '0', '0', '0', '0', '0', '0', '0', '0', '0', '0', '0', '0', '0', '守望者的牢笼', '杀死死亡矿井的艾德温·范克里夫', '如果你能证明你的实力，就有资格获得这个奖励', '', '召唤虚灵商人完成任务', '639', '0', '0', '0', '1', '0', '0', '0', '0', '0', '0', '0', '0', '0', '0', '0', '0', '0', '0', '0', '0', '消灭艾德温·范克里夫', '', '', '', '12340');
INSERT INTO `world`.`creature_queststarter` (`id`, `quest`) VALUES ('27914', '27003');
INSERT INTO `world`.`creature_questender` (`id`, `quest`) VALUES ('27914', '27003');

-- 修补匠
INSERT INTO `world`.`quest_template` (`ID`, `QuestType`, `QuestLevel`, `MinLevel`, `QuestSortID`, `QuestInfoID`, `SuggestedGroupNum`, `RequiredFactionId1`, `RequiredFactionId2`, `RequiredFactionValue1`, `RequiredFactionValue2`, `RewardNextQuest`, `RewardXPDifficulty`, `RewardMoney`, `RewardBonusMoney`, `RewardDisplaySpell`, `RewardSpell`, `RewardHonor`, `RewardKillHonor`, `StartItem`, `Flags`, `RequiredPlayerKills`, `RewardItem1`, `RewardAmount1`, `RewardItem2`, `RewardAmount2`, `RewardItem3`, `RewardAmount3`, `RewardItem4`, `RewardAmount4`, `ItemDrop1`, `ItemDropQuantity1`, `ItemDrop2`, `ItemDropQuantity2`, `ItemDrop3`, `ItemDropQuantity3`, `ItemDrop4`, `ItemDropQuantity4`, `RewardChoiceItemID1`, `RewardChoiceItemQuantity1`, `RewardChoiceItemID2`, `RewardChoiceItemQuantity2`, `RewardChoiceItemID3`, `RewardChoiceItemQuantity3`, `RewardChoiceItemID4`, `RewardChoiceItemQuantity4`, `RewardChoiceItemID5`, `RewardChoiceItemQuantity5`, `RewardChoiceItemID6`, `RewardChoiceItemQuantity6`, `POIContinent`, `POIx`, `POIy`, `POIPriority`, `RewardTitle`, `RewardTalents`, `RewardArenaPoints`, `RewardFactionID1`, `RewardFactionValue1`, `RewardFactionOverride1`, `RewardFactionID2`, `RewardFactionValue2`, `RewardFactionOverride2`, `RewardFactionID3`, `RewardFactionValue3`, `RewardFactionOverride3`, `RewardFactionID4`, `RewardFactionValue4`, `RewardFactionOverride4`, `RewardFactionID5`, `RewardFactionValue5`, `RewardFactionOverride5`, `TimeAllowed`, `AllowableRaces`, `LogTitle`, `LogDescription`, `QuestDescription`, `AreaDescription`, `QuestCompletionLog`, `RequiredNpcOrGo1`, `RequiredNpcOrGo2`, `RequiredNpcOrGo3`, `RequiredNpcOrGo4`, `RequiredNpcOrGoCount1`, `RequiredNpcOrGoCount2`, `RequiredNpcOrGoCount3`, `RequiredNpcOrGoCount4`, `RequiredItemId1`, `RequiredItemId2`, `RequiredItemId3`, `RequiredItemId4`, `RequiredItemId5`, `RequiredItemId6`, `RequiredItemCount1`, `RequiredItemCount2`, `RequiredItemCount3`, `RequiredItemCount4`, `RequiredItemCount5`, `RequiredItemCount6`, `Unknown0`, `ObjectiveText1`, `ObjectiveText2`, `ObjectiveText3`, `ObjectiveText4`, `VerifiedBuild`) VALUES ('27004', '2', '28', '25', '0', '0', '0', '0', '0', '0', '0', '0', '7', '140000', '0', '85965', '85965', '40', '0', '0', '200', '0', '0', '0', '0', '0', '0', '0', '0', '0', '0', '0', '0', '0', '0', '0', '0', '0', '0', '0', '0', '0', '0', '0', '0', '0', '0', '0', '0', '0', '0', '0', '0', '0', '0', '0', '0', '0', '0', '0', '0', '0', '0', '0', '0', '0', '0', '0', '0', '0', '0', '0', '0', '0', '机械公敌', '杀死诺莫瑞根的机械师瑟玛普拉格', '如果你能证明你的实力，就有资格获得这个奖励', '', '召唤虚灵商人完成任务', '7800', '0', '0', '0', '1', '0', '0', '0', '0', '0', '0', '0', '0', '0', '0', '0', '0', '0', '0', '0', '0', '消灭机械师瑟玛普拉格', '', '', '', '12340');
INSERT INTO `world`.`creature_queststarter` (`id`, `quest`) VALUES ('27914', '27004');
INSERT INTO `world`.`creature_questender` (`id`, `quest`) VALUES ('27914', '27004');

-- 集结
INSERT INTO `world`.`quest_template` (`ID`, `QuestType`, `QuestLevel`, `MinLevel`, `QuestSortID`, `QuestInfoID`, `SuggestedGroupNum`, `RequiredFactionId1`, `RequiredFactionId2`, `RequiredFactionValue1`, `RequiredFactionValue2`, `RewardNextQuest`, `RewardXPDifficulty`, `RewardMoney`, `RewardBonusMoney`, `RewardDisplaySpell`, `RewardSpell`, `RewardHonor`, `RewardKillHonor`, `StartItem`, `Flags`, `RequiredPlayerKills`, `RewardItem1`, `RewardAmount1`, `RewardItem2`, `RewardAmount2`, `RewardItem3`, `RewardAmount3`, `RewardItem4`, `RewardAmount4`, `ItemDrop1`, `ItemDropQuantity1`, `ItemDrop2`, `ItemDropQuantity2`, `ItemDrop3`, `ItemDropQuantity3`, `ItemDrop4`, `ItemDropQuantity4`, `RewardChoiceItemID1`, `RewardChoiceItemQuantity1`, `RewardChoiceItemID2`, `RewardChoiceItemQuantity2`, `RewardChoiceItemID3`, `RewardChoiceItemQuantity3`, `RewardChoiceItemID4`, `RewardChoiceItemQuantity4`, `RewardChoiceItemID5`, `RewardChoiceItemQuantity5`, `RewardChoiceItemID6`, `RewardChoiceItemQuantity6`, `POIContinent`, `POIx`, `POIy`, `POIPriority`, `RewardTitle`, `RewardTalents`, `RewardArenaPoints`, `RewardFactionID1`, `RewardFactionValue1`, `RewardFactionOverride1`, `RewardFactionID2`, `RewardFactionValue2`, `RewardFactionOverride2`, `RewardFactionID3`, `RewardFactionValue3`, `RewardFactionOverride3`, `RewardFactionID4`, `RewardFactionValue4`, `RewardFactionOverride4`, `RewardFactionID5`, `RewardFactionValue5`, `RewardFactionOverride5`, `TimeAllowed`, `AllowableRaces`, `LogTitle`, `LogDescription`, `QuestDescription`, `AreaDescription`, `QuestCompletionLog`, `RequiredNpcOrGo1`, `RequiredNpcOrGo2`, `RequiredNpcOrGo3`, `RequiredNpcOrGo4`, `RequiredNpcOrGoCount1`, `RequiredNpcOrGoCount2`, `RequiredNpcOrGoCount3`, `RequiredNpcOrGoCount4`, `RequiredItemId1`, `RequiredItemId2`, `RequiredItemId3`, `RequiredItemId4`, `RequiredItemId5`, `RequiredItemId6`, `RequiredItemCount1`, `RequiredItemCount2`, `RequiredItemCount3`, `RequiredItemCount4`, `RequiredItemCount5`, `RequiredItemCount6`, `Unknown0`, `ObjectiveText1`, `ObjectiveText2`, `ObjectiveText3`, `ObjectiveText4`, `VerifiedBuild`) VALUES ('27005', '2', '33', '29', '0', '0', '0', '0', '0', '0', '0', '0', '7', '140000', '0', '86102', '86102', '50', '0', '0', '200', '0', '0', '0', '0', '0', '0', '0', '0', '0', '0', '0', '0', '0', '0', '0', '0', '0', '0', '0', '0', '0', '0', '0', '0', '0', '0', '0', '0', '0', '0', '0', '0', '0', '0', '0', '0', '0', '0', '0', '0', '0', '0', '0', '0', '0', '0', '0', '0', '0', '0', '0', '0', '0', '集结号', '杀死血色修道院的血法师萨尔诺斯', '如果你能证明你的实力，就有资格获得这个奖励', '', '召唤虚灵商人完成任务', '4543', '0', '0', '0', '1', '0', '0', '0', '0', '0', '0', '0', '0', '0', '0', '0', '0', '0', '0', '0', '0', '消灭血法师萨尔诺斯', '', '', '', '12340');
INSERT INTO `world`.`creature_queststarter` (`id`, `quest`) VALUES ('27914', '27005');
INSERT INTO `world`.`creature_questender` (`id`, `quest`) VALUES ('27914', '27005');
INSERT INTO `world`.`spell_script_names` (`spell_id`, `ScriptName`) VALUES ('87000', 'spell_assistance_teleport_to_me');

-- 大法师
INSERT INTO `world`.`quest_template` (`ID`, `QuestType`, `QuestLevel`, `MinLevel`, `QuestSortID`, `QuestInfoID`, `SuggestedGroupNum`, `RequiredFactionId1`, `RequiredFactionId2`, `RequiredFactionValue1`, `RequiredFactionValue2`, `RewardNextQuest`, `RewardXPDifficulty`, `RewardMoney`, `RewardBonusMoney`, `RewardDisplaySpell`, `RewardSpell`, `RewardHonor`, `RewardKillHonor`, `StartItem`, `Flags`, `RequiredPlayerKills`, `RewardItem1`, `RewardAmount1`, `RewardItem2`, `RewardAmount2`, `RewardItem3`, `RewardAmount3`, `RewardItem4`, `RewardAmount4`, `ItemDrop1`, `ItemDropQuantity1`, `ItemDrop2`, `ItemDropQuantity2`, `ItemDrop3`, `ItemDropQuantity3`, `ItemDrop4`, `ItemDropQuantity4`, `RewardChoiceItemID1`, `RewardChoiceItemQuantity1`, `RewardChoiceItemID2`, `RewardChoiceItemQuantity2`, `RewardChoiceItemID3`, `RewardChoiceItemQuantity3`, `RewardChoiceItemID4`, `RewardChoiceItemQuantity4`, `RewardChoiceItemID5`, `RewardChoiceItemQuantity5`, `RewardChoiceItemID6`, `RewardChoiceItemQuantity6`, `POIContinent`, `POIx`, `POIy`, `POIPriority`, `RewardTitle`, `RewardTalents`, `RewardArenaPoints`, `RewardFactionID1`, `RewardFactionValue1`, `RewardFactionOverride1`, `RewardFactionID2`, `RewardFactionValue2`, `RewardFactionOverride2`, `RewardFactionID3`, `RewardFactionValue3`, `RewardFactionOverride3`, `RewardFactionID4`, `RewardFactionValue4`, `RewardFactionOverride4`, `RewardFactionID5`, `RewardFactionValue5`, `RewardFactionOverride5`, `TimeAllowed`, `AllowableRaces`, `LogTitle`, `LogDescription`, `QuestDescription`, `AreaDescription`, `QuestCompletionLog`, `RequiredNpcOrGo1`, `RequiredNpcOrGo2`, `RequiredNpcOrGo3`, `RequiredNpcOrGo4`, `RequiredNpcOrGoCount1`, `RequiredNpcOrGoCount2`, `RequiredNpcOrGoCount3`, `RequiredNpcOrGoCount4`, `RequiredItemId1`, `RequiredItemId2`, `RequiredItemId3`, `RequiredItemId4`, `RequiredItemId5`, `RequiredItemId6`, `RequiredItemCount1`, `RequiredItemCount2`, `RequiredItemCount3`, `RequiredItemCount4`, `RequiredItemCount5`, `RequiredItemCount6`, `Unknown0`, `ObjectiveText1`, `ObjectiveText2`, `ObjectiveText3`, `ObjectiveText4`, `VerifiedBuild`) VALUES ('27006', '2', '35', '32', '0', '0', '0', '0', '0', '0', '0', '0', '7', '140000', '0', '85986', '85986', '50', '0', '0', '200', '0', '0', '0', '0', '0', '0', '0', '0', '0', '0', '0', '0', '0', '0', '0', '0', '0', '0', '0', '0', '0', '0', '0', '0', '0', '0', '0', '0', '0', '0', '0', '0', '0', '0', '0', '0', '0', '0', '0', '0', '0', '0', '0', '0', '0', '0', '0', '0', '0', '0', '0', '0', '0', '法术狂人', '杀死血色修道院的奥法师杜安', '如果你能证明你的实力，就有资格获得这个奖励', '', '召唤虚灵商人完成任务', '6487', '0', '0', '0', '1', '0', '0', '0', '0', '0', '0', '0', '0', '0', '0', '0', '0', '0', '0', '0', '0', '消灭奥法师杜安', '', '', '', '12340');
INSERT INTO `world`.`creature_queststarter` (`id`, `quest`) VALUES ('27914', '27006');
INSERT INTO `world`.`creature_questender` (`id`, `quest`) VALUES ('27914', '27006');

-- 巫妖
INSERT INTO `world`.`quest_template` (`ID`, `QuestType`, `QuestLevel`, `MinLevel`, `QuestSortID`, `QuestInfoID`, `SuggestedGroupNum`, `RequiredFactionId1`, `RequiredFactionId2`, `RequiredFactionValue1`, `RequiredFactionValue2`, `RewardNextQuest`, `RewardXPDifficulty`, `RewardMoney`, `RewardBonusMoney`, `RewardDisplaySpell`, `RewardSpell`, `RewardHonor`, `RewardKillHonor`, `StartItem`, `Flags`, `RequiredPlayerKills`, `RewardItem1`, `RewardAmount1`, `RewardItem2`, `RewardAmount2`, `RewardItem3`, `RewardAmount3`, `RewardItem4`, `RewardAmount4`, `ItemDrop1`, `ItemDropQuantity1`, `ItemDrop2`, `ItemDropQuantity2`, `ItemDrop3`, `ItemDropQuantity3`, `ItemDrop4`, `ItemDropQuantity4`, `RewardChoiceItemID1`, `RewardChoiceItemQuantity1`, `RewardChoiceItemID2`, `RewardChoiceItemQuantity2`, `RewardChoiceItemID3`, `RewardChoiceItemQuantity3`, `RewardChoiceItemID4`, `RewardChoiceItemQuantity4`, `RewardChoiceItemID5`, `RewardChoiceItemQuantity5`, `RewardChoiceItemID6`, `RewardChoiceItemQuantity6`, `POIContinent`, `POIx`, `POIy`, `POIPriority`, `RewardTitle`, `RewardTalents`, `RewardArenaPoints`, `RewardFactionID1`, `RewardFactionValue1`, `RewardFactionOverride1`, `RewardFactionID2`, `RewardFactionValue2`, `RewardFactionOverride2`, `RewardFactionID3`, `RewardFactionValue3`, `RewardFactionOverride3`, `RewardFactionID4`, `RewardFactionValue4`, `RewardFactionOverride4`, `RewardFactionID5`, `RewardFactionValue5`, `RewardFactionOverride5`, `TimeAllowed`, `AllowableRaces`, `LogTitle`, `LogDescription`, `QuestDescription`, `AreaDescription`, `QuestCompletionLog`, `RequiredNpcOrGo1`, `RequiredNpcOrGo2`, `RequiredNpcOrGo3`, `RequiredNpcOrGo4`, `RequiredNpcOrGoCount1`, `RequiredNpcOrGoCount2`, `RequiredNpcOrGoCount3`, `RequiredNpcOrGoCount4`, `RequiredItemId1`, `RequiredItemId2`, `RequiredItemId3`, `RequiredItemId4`, `RequiredItemId5`, `RequiredItemId6`, `RequiredItemCount1`, `RequiredItemCount2`, `RequiredItemCount3`, `RequiredItemCount4`, `RequiredItemCount5`, `RequiredItemCount6`, `Unknown0`, `ObjectiveText1`, `ObjectiveText2`, `ObjectiveText3`, `ObjectiveText4`, `VerifiedBuild`) VALUES ('27007', '2', '40', '34', '0', '0', '0', '0', '0', '0', '0', '0', '7', '70000', '0', '85988', '85988', '50', '0', '0', '200', '0', '0', '0', '0', '0', '0', '0', '0', '0', '0', '0', '0', '0', '0', '0', '0', '0', '0', '0', '0', '0', '0', '0', '0', '0', '0', '0', '0', '0', '0', '0', '0', '0', '0', '0', '0', '0', '0', '0', '0', '0', '0', '0', '0', '0', '0', '0', '0', '0', '0', '0', '0', '0', '巫妖之躯', '杀死剃刀高地的亚门纳尔', '如果你能证明你的实力，就有资格获得这个奖励', '', '召唤虚灵商人完成任务', '7358', '0', '0', '0', '1', '0', '0', '0', '0', '0', '0', '0', '0', '0', '0', '0', '0', '0', '0', '0', '0', '消灭亚门纳尔', '', '', '', '12340');
INSERT INTO `world`.`creature_queststarter` (`id`, `quest`) VALUES ('27914', '27007');
INSERT INTO `world`.`creature_questender` (`id`, `quest`) VALUES ('27914', '27007');

-- 牛头人酋长
INSERT INTO `world`.`quest_template` (`ID`, `QuestType`, `QuestLevel`, `MinLevel`, `QuestSortID`, `QuestInfoID`, `SuggestedGroupNum`, `RequiredFactionId1`, `RequiredFactionId2`, `RequiredFactionValue1`, `RequiredFactionValue2`, `RewardNextQuest`, `RewardXPDifficulty`, `RewardMoney`, `RewardBonusMoney`, `RewardDisplaySpell`, `RewardSpell`, `RewardHonor`, `RewardKillHonor`, `StartItem`, `Flags`, `RequiredPlayerKills`, `RewardItem1`, `RewardAmount1`, `RewardItem2`, `RewardAmount2`, `RewardItem3`, `RewardAmount3`, `RewardItem4`, `RewardAmount4`, `ItemDrop1`, `ItemDropQuantity1`, `ItemDrop2`, `ItemDropQuantity2`, `ItemDrop3`, `ItemDropQuantity3`, `ItemDrop4`, `ItemDropQuantity4`, `RewardChoiceItemID1`, `RewardChoiceItemQuantity1`, `RewardChoiceItemID2`, `RewardChoiceItemQuantity2`, `RewardChoiceItemID3`, `RewardChoiceItemQuantity3`, `RewardChoiceItemID4`, `RewardChoiceItemQuantity4`, `RewardChoiceItemID5`, `RewardChoiceItemQuantity5`, `RewardChoiceItemID6`, `RewardChoiceItemQuantity6`, `POIContinent`, `POIx`, `POIy`, `POIPriority`, `RewardTitle`, `RewardTalents`, `RewardArenaPoints`, `RewardFactionID1`, `RewardFactionValue1`, `RewardFactionOverride1`, `RewardFactionID2`, `RewardFactionValue2`, `RewardFactionOverride2`, `RewardFactionID3`, `RewardFactionValue3`, `RewardFactionOverride3`, `RewardFactionID4`, `RewardFactionValue4`, `RewardFactionOverride4`, `RewardFactionID5`, `RewardFactionValue5`, `RewardFactionOverride5`, `TimeAllowed`, `AllowableRaces`, `LogTitle`, `LogDescription`, `QuestDescription`, `AreaDescription`, `QuestCompletionLog`, `RequiredNpcOrGo1`, `RequiredNpcOrGo2`, `RequiredNpcOrGo3`, `RequiredNpcOrGo4`, `RequiredNpcOrGoCount1`, `RequiredNpcOrGoCount2`, `RequiredNpcOrGoCount3`, `RequiredNpcOrGoCount4`, `RequiredItemId1`, `RequiredItemId2`, `RequiredItemId3`, `RequiredItemId4`, `RequiredItemId5`, `RequiredItemId6`, `RequiredItemCount1`, `RequiredItemCount2`, `RequiredItemCount3`, `RequiredItemCount4`, `RequiredItemCount5`, `RequiredItemCount6`, `Unknown0`, `ObjectiveText1`, `ObjectiveText2`, `ObjectiveText3`, `ObjectiveText4`, `VerifiedBuild`) VALUES ('27008', '2', '43', '36', '0', '0', '0', '0', '0', '0', '0', '0', '7', '80000', '0', '86104', '86104', '50', '0', '0', '200', '0', '0', '0', '0', '0', '0', '0', '0', '0', '0', '0', '0', '0', '0', '0', '0', '0', '0', '0', '0', '0', '0', '0', '0', '0', '0', '0', '0', '0', '0', '0', '0', '0', '0', '0', '0', '0', '0', '0', '0', '0', '0', '0', '0', '0', '0', '0', '0', '0', '0', '0', '0', '0', '牛与自然', '杀死奥达曼的阿札达斯', '如果你能证明你的实力，就有资格获得这个奖励', '', '召唤虚灵商人完成任务', '2748', '0', '0', '0', '1', '0', '0', '0', '0', '0', '0', '0', '0', '0', '0', '0', '0', '0', '0', '0', '0', '消灭阿札达斯', '', '', '', '12340');
INSERT INTO `world`.`creature_queststarter` (`id`, `quest`) VALUES ('27914', '27008');
INSERT INTO `world`.`creature_questender` (`id`, `quest`) VALUES ('27914', '27008');

-- 圣骑士alter
INSERT INTO `world`.`quest_template` (`ID`, `QuestType`, `QuestLevel`, `MinLevel`, `QuestSortID`, `QuestInfoID`, `SuggestedGroupNum`, `RequiredFactionId1`, `RequiredFactionId2`, `RequiredFactionValue1`, `RequiredFactionValue2`, `RewardNextQuest`, `RewardXPDifficulty`, `RewardMoney`, `RewardBonusMoney`, `RewardDisplaySpell`, `RewardSpell`, `RewardHonor`, `RewardKillHonor`, `StartItem`, `Flags`, `RequiredPlayerKills`, `RewardItem1`, `RewardAmount1`, `RewardItem2`, `RewardAmount2`, `RewardItem3`, `RewardAmount3`, `RewardItem4`, `RewardAmount4`, `ItemDrop1`, `ItemDropQuantity1`, `ItemDrop2`, `ItemDropQuantity2`, `ItemDrop3`, `ItemDropQuantity3`, `ItemDrop4`, `ItemDropQuantity4`, `RewardChoiceItemID1`, `RewardChoiceItemQuantity1`, `RewardChoiceItemID2`, `RewardChoiceItemQuantity2`, `RewardChoiceItemID3`, `RewardChoiceItemQuantity3`, `RewardChoiceItemID4`, `RewardChoiceItemQuantity4`, `RewardChoiceItemID5`, `RewardChoiceItemQuantity5`, `RewardChoiceItemID6`, `RewardChoiceItemQuantity6`, `POIContinent`, `POIx`, `POIy`, `POIPriority`, `RewardTitle`, `RewardTalents`, `RewardArenaPoints`, `RewardFactionID1`, `RewardFactionValue1`, `RewardFactionOverride1`, `RewardFactionID2`, `RewardFactionValue2`, `RewardFactionOverride2`, `RewardFactionID3`, `RewardFactionValue3`, `RewardFactionOverride3`, `RewardFactionID4`, `RewardFactionValue4`, `RewardFactionOverride4`, `RewardFactionID5`, `RewardFactionValue5`, `RewardFactionOverride5`, `TimeAllowed`, `AllowableRaces`, `LogTitle`, `LogDescription`, `QuestDescription`, `AreaDescription`, `QuestCompletionLog`, `RequiredNpcOrGo1`, `RequiredNpcOrGo2`, `RequiredNpcOrGo3`, `RequiredNpcOrGo4`, `RequiredNpcOrGoCount1`, `RequiredNpcOrGoCount2`, `RequiredNpcOrGoCount3`, `RequiredNpcOrGoCount4`, `RequiredItemId1`, `RequiredItemId2`, `RequiredItemId3`, `RequiredItemId4`, `RequiredItemId5`, `RequiredItemId6`, `RequiredItemCount1`, `RequiredItemCount2`, `RequiredItemCount3`, `RequiredItemCount4`, `RequiredItemCount5`, `RequiredItemCount6`, `Unknown0`, `ObjectiveText1`, `ObjectiveText2`, `ObjectiveText3`, `ObjectiveText4`, `VerifiedBuild`) VALUES ('27009', '2', '47', '42', '0', '0', '0', '0', '0', '0', '0', '0', '7', '90000', '0', '85957', '85957', '50', '0', '0', '200', '0', '0', '0', '0', '0', '0', '0', '0', '0', '0', '0', '0', '0', '0', '0', '0', '0', '0', '0', '0', '0', '0', '0', '0', '0', '0', '0', '0', '0', '0', '0', '0', '0', '0', '0', '0', '0', '0', '0', '0', '0', '0', '0', '0', '0', '0', '0', '0', '0', '0', '0', '0', '0', '骑士的探险', '杀死祖尔法拉克的加兹瑞拉', '如果你能证明你的实力，就有资格获得这个奖励', '', '召唤虚灵商人完成任务', '7273', '0', '0', '0', '1', '0', '0', '0', '0', '0', '0', '0', '0', '0', '0', '0', '0', '0', '0', '0', '0', '消灭加兹瑞拉', '', '', '', '12340');
INSERT INTO `world`.`creature_queststarter` (`id`, `quest`) VALUES ('27914', '27009');
INSERT INTO `world`.`creature_questender` (`id`, `quest`) VALUES ('27914', '27009');

-- 丛林守护者alter
INSERT INTO `world`.`quest_template` (`ID`, `QuestType`, `QuestLevel`, `MinLevel`, `QuestSortID`, `QuestInfoID`, `SuggestedGroupNum`, `RequiredFactionId1`, `RequiredFactionId2`, `RequiredFactionValue1`, `RequiredFactionValue2`, `RewardNextQuest`, `RewardXPDifficulty`, `RewardMoney`, `RewardBonusMoney`, `RewardDisplaySpell`, `RewardSpell`, `RewardHonor`, `RewardKillHonor`, `StartItem`, `Flags`, `RequiredPlayerKills`, `RewardItem1`, `RewardAmount1`, `RewardItem2`, `RewardAmount2`, `RewardItem3`, `RewardAmount3`, `RewardItem4`, `RewardAmount4`, `ItemDrop1`, `ItemDropQuantity1`, `ItemDrop2`, `ItemDropQuantity2`, `ItemDrop3`, `ItemDropQuantity3`, `ItemDrop4`, `ItemDropQuantity4`, `RewardChoiceItemID1`, `RewardChoiceItemQuantity1`, `RewardChoiceItemID2`, `RewardChoiceItemQuantity2`, `RewardChoiceItemID3`, `RewardChoiceItemQuantity3`, `RewardChoiceItemID4`, `RewardChoiceItemQuantity4`, `RewardChoiceItemID5`, `RewardChoiceItemQuantity5`, `RewardChoiceItemID6`, `RewardChoiceItemQuantity6`, `POIContinent`, `POIx`, `POIy`, `POIPriority`, `RewardTitle`, `RewardTalents`, `RewardArenaPoints`, `RewardFactionID1`, `RewardFactionValue1`, `RewardFactionOverride1`, `RewardFactionID2`, `RewardFactionValue2`, `RewardFactionOverride2`, `RewardFactionID3`, `RewardFactionValue3`, `RewardFactionOverride3`, `RewardFactionID4`, `RewardFactionValue4`, `RewardFactionOverride4`, `RewardFactionID5`, `RewardFactionValue5`, `RewardFactionOverride5`, `TimeAllowed`, `AllowableRaces`, `LogTitle`, `LogDescription`, `QuestDescription`, `AreaDescription`, `QuestCompletionLog`, `RequiredNpcOrGo1`, `RequiredNpcOrGo2`, `RequiredNpcOrGo3`, `RequiredNpcOrGo4`, `RequiredNpcOrGoCount1`, `RequiredNpcOrGoCount2`, `RequiredNpcOrGoCount3`, `RequiredNpcOrGoCount4`, `RequiredItemId1`, `RequiredItemId2`, `RequiredItemId3`, `RequiredItemId4`, `RequiredItemId5`, `RequiredItemId6`, `RequiredItemCount1`, `RequiredItemCount2`, `RequiredItemCount3`, `RequiredItemCount4`, `RequiredItemCount5`, `RequiredItemCount6`, `Unknown0`, `ObjectiveText1`, `ObjectiveText2`, `ObjectiveText3`, `ObjectiveText4`, `VerifiedBuild`) VALUES ('27011', '2', '48', '45', '0', '0', '0', '0', '0', '0', '0', '0', '7', '100000', '0', '85941', '85941', '50', '0', '0', '200', '0', '0', '0', '0', '0', '0', '0', '0', '0', '0', '0', '0', '0', '0', '0', '0', '0', '0', '0', '0', '0', '0', '0', '0', '0', '0', '0', '0', '0', '0', '0', '0', '0', '0', '0', '0', '0', '0', '0', '0', '0', '0', '0', '0', '0', '0', '0', '0', '0', '0', '0', '0', '0', '丛林觉醒', '杀死玛拉顿的瑟莱德丝公主', '如果你能证明你的实力，就有资格获得这个奖励', '', '召唤虚灵商人完成任务', '12201', '0', '0', '0', '1', '0', '0', '0', '0', '0', '0', '0', '0', '0', '0', '0', '0', '0', '0', '0', '0', '消灭瑟莱德丝公主', '', '', '', '12340');
INSERT INTO `world`.`creature_queststarter` (`id`, `quest`) VALUES ('27914', '27011');
INSERT INTO `world`.`creature_questender` (`id`, `quest`) VALUES ('27914', '27011');

UPDATE `world`.`quest_template` SET `RewardMoney`='10000', `RewardBonusMoney`='0' WHERE `ID`='27001';
UPDATE `world`.`quest_template` SET `RewardMoney`='20000', `RewardBonusMoney`='0' WHERE `ID`='27002';
UPDATE `world`.`quest_template` SET `RewardMoney`='30000', `RewardBonusMoney`='0' WHERE `ID`='27003';
UPDATE `world`.`quest_template` SET `RewardMoney`='40000' WHERE `ID`='27004';
UPDATE `world`.`quest_template` SET `RewardMoney`='50000' WHERE `ID`='27005';
UPDATE `world`.`quest_template` SET `RewardMoney`='60000' WHERE `ID`='27006';

-- 兽王
INSERT INTO `world`.`quest_template` (`ID`, `QuestType`, `QuestLevel`, `MinLevel`, `QuestSortID`, `QuestInfoID`, `SuggestedGroupNum`, `RequiredFactionId1`, `RequiredFactionId2`, `RequiredFactionValue1`, `RequiredFactionValue2`, `RewardNextQuest`, `RewardXPDifficulty`, `RewardMoney`, `RewardBonusMoney`, `RewardDisplaySpell`, `RewardSpell`, `RewardHonor`, `RewardKillHonor`, `StartItem`, `Flags`, `RequiredPlayerKills`, `RewardItem1`, `RewardAmount1`, `RewardItem2`, `RewardAmount2`, `RewardItem3`, `RewardAmount3`, `RewardItem4`, `RewardAmount4`, `ItemDrop1`, `ItemDropQuantity1`, `ItemDrop2`, `ItemDropQuantity2`, `ItemDrop3`, `ItemDropQuantity3`, `ItemDrop4`, `ItemDropQuantity4`, `RewardChoiceItemID1`, `RewardChoiceItemQuantity1`, `RewardChoiceItemID2`, `RewardChoiceItemQuantity2`, `RewardChoiceItemID3`, `RewardChoiceItemQuantity3`, `RewardChoiceItemID4`, `RewardChoiceItemQuantity4`, `RewardChoiceItemID5`, `RewardChoiceItemQuantity5`, `RewardChoiceItemID6`, `RewardChoiceItemQuantity6`, `POIContinent`, `POIx`, `POIy`, `POIPriority`, `RewardTitle`, `RewardTalents`, `RewardArenaPoints`, `RewardFactionID1`, `RewardFactionValue1`, `RewardFactionOverride1`, `RewardFactionID2`, `RewardFactionValue2`, `RewardFactionOverride2`, `RewardFactionID3`, `RewardFactionValue3`, `RewardFactionOverride3`, `RewardFactionID4`, `RewardFactionValue4`, `RewardFactionOverride4`, `RewardFactionID5`, `RewardFactionValue5`, `RewardFactionOverride5`, `TimeAllowed`, `AllowableRaces`, `LogTitle`, `LogDescription`, `QuestDescription`, `AreaDescription`, `QuestCompletionLog`, `RequiredNpcOrGo1`, `RequiredNpcOrGo2`, `RequiredNpcOrGo3`, `RequiredNpcOrGo4`, `RequiredNpcOrGoCount1`, `RequiredNpcOrGoCount2`, `RequiredNpcOrGoCount3`, `RequiredNpcOrGoCount4`, `RequiredItemId1`, `RequiredItemId2`, `RequiredItemId3`, `RequiredItemId4`, `RequiredItemId5`, `RequiredItemId6`, `RequiredItemCount1`, `RequiredItemCount2`, `RequiredItemCount3`, `RequiredItemCount4`, `RequiredItemCount5`, `RequiredItemCount6`, `Unknown0`, `ObjectiveText1`, `ObjectiveText2`, `ObjectiveText3`, `ObjectiveText4`, `VerifiedBuild`) VALUES ('27012', '2', '56', '49', '0', '0', '0', '0', '0', '0', '0', '0', '3', '100000', '0', '85925', '85925', '50', '0', '0', '200', '0', '0', '0', '0', '0', '0', '0', '0', '0', '0', '0', '0', '0', '0', '0', '0', '0', '0', '0', '0', '0', '0', '0', '0', '0', '0', '0', '0', '0', '0', '0', '0', '0', '0', '0', '0', '0', '0', '0', '0', '0', '0', '0', '0', '0', '0', '0', '0', '0', '0', '0', '0', '0', '荒野呼唤', '杀死黑石深渊的索瑞森大帝', '如果你能证明你的实力，就有资格获得这个奖励', '', '召唤虚灵商人完成任务', '9019', '0', '0', '0', '1', '0', '0', '0', '0', '0', '0', '0', '0', '0', '0', '0', '0', '0', '0', '0', '0', '消灭索瑞森大帝', '', '', '', '12340');
INSERT INTO `world`.`creature_queststarter` (`id`, `quest`) VALUES ('27914', '27012');
INSERT INTO `world`.`creature_questender` (`id`, `quest`) VALUES ('27914', '27012');
UPDATE `world`.`quest_template` SET `QuestSortID`='-344' WHERE `ID`>='27001';

-- 黑暗游侠alter
INSERT INTO `world`.`quest_template` (`ID`, `QuestType`, `QuestLevel`, `MinLevel`, `QuestSortID`, `QuestInfoID`, `SuggestedGroupNum`, `RequiredFactionId1`, `RequiredFactionId2`, `RequiredFactionValue1`, `RequiredFactionValue2`, `RewardNextQuest`, `RewardXPDifficulty`, `RewardMoney`, `RewardBonusMoney`, `RewardDisplaySpell`, `RewardSpell`, `RewardHonor`, `RewardKillHonor`, `StartItem`, `Flags`, `RequiredPlayerKills`, `RewardItem1`, `RewardAmount1`, `RewardItem2`, `RewardAmount2`, `RewardItem3`, `RewardAmount3`, `RewardItem4`, `RewardAmount4`, `ItemDrop1`, `ItemDropQuantity1`, `ItemDrop2`, `ItemDropQuantity2`, `ItemDrop3`, `ItemDropQuantity3`, `ItemDrop4`, `ItemDropQuantity4`, `RewardChoiceItemID1`, `RewardChoiceItemQuantity1`, `RewardChoiceItemID2`, `RewardChoiceItemQuantity2`, `RewardChoiceItemID3`, `RewardChoiceItemQuantity3`, `RewardChoiceItemID4`, `RewardChoiceItemQuantity4`, `RewardChoiceItemID5`, `RewardChoiceItemQuantity5`, `RewardChoiceItemID6`, `RewardChoiceItemQuantity6`, `POIContinent`, `POIx`, `POIy`, `POIPriority`, `RewardTitle`, `RewardTalents`, `RewardArenaPoints`, `RewardFactionID1`, `RewardFactionValue1`, `RewardFactionOverride1`, `RewardFactionID2`, `RewardFactionValue2`, `RewardFactionOverride2`, `RewardFactionID3`, `RewardFactionValue3`, `RewardFactionOverride3`, `RewardFactionID4`, `RewardFactionValue4`, `RewardFactionOverride4`, `RewardFactionID5`, `RewardFactionValue5`, `RewardFactionOverride5`, `TimeAllowed`, `AllowableRaces`, `LogTitle`, `LogDescription`, `QuestDescription`, `AreaDescription`, `QuestCompletionLog`, `RequiredNpcOrGo1`, `RequiredNpcOrGo2`, `RequiredNpcOrGo3`, `RequiredNpcOrGo4`, `RequiredNpcOrGoCount1`, `RequiredNpcOrGoCount2`, `RequiredNpcOrGoCount3`, `RequiredNpcOrGoCount4`, `RequiredItemId1`, `RequiredItemId2`, `RequiredItemId3`, `RequiredItemId4`, `RequiredItemId5`, `RequiredItemId6`, `RequiredItemCount1`, `RequiredItemCount2`, `RequiredItemCount3`, `RequiredItemCount4`, `RequiredItemCount5`, `RequiredItemCount6`, `Unknown0`, `ObjectiveText1`, `ObjectiveText2`, `ObjectiveText3`, `ObjectiveText4`, `VerifiedBuild`) VALUES ('27013', '2', '40', '37', '-344', '0', '0', '0', '0', '0', '0', '0', '7', '100000', '0', '85996', '85996', '50', '0', '0', '200', '0', '0', '0', '0', '0', '0', '0', '0', '0', '0', '0', '0', '0', '0', '0', '0', '0', '0', '0', '0', '0', '0', '0', '0', '0', '0', '0', '0', '0', '0', '0', '0', '0', '0', '0', '0', '0', '0', '0', '0', '0', '0', '0', '0', '0', '0', '0', '0', '0', '0', '0', '0', '0', '光与暗', '杀死血色修道院的莫格莱尼', '如果你能证明你的实力，就有资格获得这个奖励', '', '召唤虚灵商人完成任务', '3976', '0', '0', '0', '1', '0', '0', '0', '0', '0', '0', '0', '0', '0', '0', '0', '0', '0', '0', '0', '0', '消灭莫格莱尼', '', '', '', '12340');
INSERT INTO `world`.`creature_queststarter` (`id`, `quest`) VALUES ('27914', '27013');
INSERT INTO `world`.`creature_questender` (`id`, `quest`) VALUES ('27914', '27013');

-- 终结技
INSERT INTO `world`.`quest_template` (`ID`, `QuestType`, `QuestLevel`, `MinLevel`, `QuestSortID`, `QuestInfoID`, `SuggestedGroupNum`, `RequiredFactionId1`, `RequiredFactionId2`, `RequiredFactionValue1`, `RequiredFactionValue2`, `RewardNextQuest`, `RewardXPDifficulty`, `RewardMoney`, `RewardBonusMoney`, `RewardDisplaySpell`, `RewardSpell`, `RewardHonor`, `RewardKillHonor`, `StartItem`, `Flags`, `RequiredPlayerKills`, `RewardItem1`, `RewardAmount1`, `RewardItem2`, `RewardAmount2`, `RewardItem3`, `RewardAmount3`, `RewardItem4`, `RewardAmount4`, `ItemDrop1`, `ItemDropQuantity1`, `ItemDrop2`, `ItemDropQuantity2`, `ItemDrop3`, `ItemDropQuantity3`, `ItemDrop4`, `ItemDropQuantity4`, `RewardChoiceItemID1`, `RewardChoiceItemQuantity1`, `RewardChoiceItemID2`, `RewardChoiceItemQuantity2`, `RewardChoiceItemID3`, `RewardChoiceItemQuantity3`, `RewardChoiceItemID4`, `RewardChoiceItemQuantity4`, `RewardChoiceItemID5`, `RewardChoiceItemQuantity5`, `RewardChoiceItemID6`, `RewardChoiceItemQuantity6`, `POIContinent`, `POIx`, `POIy`, `POIPriority`, `RewardTitle`, `RewardTalents`, `RewardArenaPoints`, `RewardFactionID1`, `RewardFactionValue1`, `RewardFactionOverride1`, `RewardFactionID2`, `RewardFactionValue2`, `RewardFactionOverride2`, `RewardFactionID3`, `RewardFactionValue3`, `RewardFactionOverride3`, `RewardFactionID4`, `RewardFactionValue4`, `RewardFactionOverride4`, `RewardFactionID5`, `RewardFactionValue5`, `RewardFactionOverride5`, `TimeAllowed`, `AllowableRaces`, `LogTitle`, `LogDescription`, `QuestDescription`, `AreaDescription`, `QuestCompletionLog`, `RequiredNpcOrGo1`, `RequiredNpcOrGo2`, `RequiredNpcOrGo3`, `RequiredNpcOrGo4`, `RequiredNpcOrGoCount1`, `RequiredNpcOrGoCount2`, `RequiredNpcOrGoCount3`, `RequiredNpcOrGoCount4`, `RequiredItemId1`, `RequiredItemId2`, `RequiredItemId3`, `RequiredItemId4`, `RequiredItemId5`, `RequiredItemId6`, `RequiredItemCount1`, `RequiredItemCount2`, `RequiredItemCount3`, `RequiredItemCount4`, `RequiredItemCount5`, `RequiredItemCount6`, `Unknown0`, `ObjectiveText1`, `ObjectiveText2`, `ObjectiveText3`, `ObjectiveText4`, `VerifiedBuild`) VALUES ('27014', '2', '58', '53', '-344', '0', '0', '0', '0', '0', '0', '0', '7', '100000', '0', '87007', '87007', '50', '0', '0', '200', '0', '0', '0', '0', '0', '0', '0', '0', '0', '0', '0', '0', '0', '0', '0', '0', '0', '0', '0', '0', '0', '0', '0', '0', '0', '0', '0', '0', '0', '0', '0', '0', '0', '0', '0', '0', '0', '0', '0', '0', '0', '0', '0', '0', '0', '0', '0', '0', '0', '0', '0', '0', '0', '终结技', '杀死厄运之槌的奥兹恩', '如果你能证明你的实力，就有资格获得这个奖励', '', '召唤虚灵商人完成任务', '11492', '0', '0', '0', '1', '0', '0', '0', '0', '0', '0', '0', '0', '0', '0', '0', '0', '0', '0', '0', '0', '消灭奥兹恩', '', '', '', '12340');
INSERT INTO `world`.`creature_queststarter` (`id`, `quest`) VALUES ('27914', '27014');
INSERT INTO `world`.`creature_questender` (`id`, `quest`) VALUES ('27914', '27014');
INSERT INTO `world`.`spell_script_names` (`spell_id`, `ScriptName`) VALUES ('87006', 'spell_assistance_final_skill');

-- 死亡骑士
INSERT INTO `world`.`quest_template` (`ID`, `QuestType`, `QuestLevel`, `MinLevel`, `QuestSortID`, `QuestInfoID`, `SuggestedGroupNum`, `RequiredFactionId1`, `RequiredFactionId2`, `RequiredFactionValue1`, `RequiredFactionValue2`, `RewardNextQuest`, `RewardXPDifficulty`, `RewardMoney`, `RewardBonusMoney`, `RewardDisplaySpell`, `RewardSpell`, `RewardHonor`, `RewardKillHonor`, `StartItem`, `Flags`, `RequiredPlayerKills`, `RewardItem1`, `RewardAmount1`, `RewardItem2`, `RewardAmount2`, `RewardItem3`, `RewardAmount3`, `RewardItem4`, `RewardAmount4`, `ItemDrop1`, `ItemDropQuantity1`, `ItemDrop2`, `ItemDropQuantity2`, `ItemDrop3`, `ItemDropQuantity3`, `ItemDrop4`, `ItemDropQuantity4`, `RewardChoiceItemID1`, `RewardChoiceItemQuantity1`, `RewardChoiceItemID2`, `RewardChoiceItemQuantity2`, `RewardChoiceItemID3`, `RewardChoiceItemQuantity3`, `RewardChoiceItemID4`, `RewardChoiceItemQuantity4`, `RewardChoiceItemID5`, `RewardChoiceItemQuantity5`, `RewardChoiceItemID6`, `RewardChoiceItemQuantity6`, `POIContinent`, `POIx`, `POIy`, `POIPriority`, `RewardTitle`, `RewardTalents`, `RewardArenaPoints`, `RewardFactionID1`, `RewardFactionValue1`, `RewardFactionOverride1`, `RewardFactionID2`, `RewardFactionValue2`, `RewardFactionOverride2`, `RewardFactionID3`, `RewardFactionValue3`, `RewardFactionOverride3`, `RewardFactionID4`, `RewardFactionValue4`, `RewardFactionOverride4`, `RewardFactionID5`, `RewardFactionValue5`, `RewardFactionOverride5`, `TimeAllowed`, `AllowableRaces`, `LogTitle`, `LogDescription`, `QuestDescription`, `AreaDescription`, `QuestCompletionLog`, `RequiredNpcOrGo1`, `RequiredNpcOrGo2`, `RequiredNpcOrGo3`, `RequiredNpcOrGo4`, `RequiredNpcOrGoCount1`, `RequiredNpcOrGoCount2`, `RequiredNpcOrGoCount3`, `RequiredNpcOrGoCount4`, `RequiredItemId1`, `RequiredItemId2`, `RequiredItemId3`, `RequiredItemId4`, `RequiredItemId5`, `RequiredItemId6`, `RequiredItemCount1`, `RequiredItemCount2`, `RequiredItemCount3`, `RequiredItemCount4`, `RequiredItemCount5`, `RequiredItemCount6`, `Unknown0`, `ObjectiveText1`, `ObjectiveText2`, `ObjectiveText3`, `ObjectiveText4`, `VerifiedBuild`) VALUES ('27015', '2', '60', '56', '-344', '0', '0', '0', '0', '0', '0', '0', '7', '100000', '0', '85914', '85914', '50', '0', '0', '200', '0', '0', '0', '0', '0', '0', '0', '0', '0', '0', '0', '0', '0', '0', '0', '0', '0', '0', '0', '0', '0', '0', '0', '0', '0', '0', '0', '0', '0', '0', '0', '0', '0', '0', '0', '0', '0', '0', '0', '0', '0', '0', '0', '0', '0', '0', '0', '0', '0', '0', '0', '0', '0', '诅咒之路', '杀死斯坦索姆的瑞文戴尔男爵', '如果你能证明你的实力，就有资格获得这个奖励', '', '召唤虚灵商人完成任务', '10440', '0', '0', '0', '1', '0', '0', '0', '0', '0', '0', '0', '0', '0', '0', '0', '0', '0', '0', '0', '0', '消灭瑞文戴尔男爵', '', '', '', '12340');
INSERT INTO `world`.`creature_queststarter` (`id`, `quest`) VALUES ('27914', '27015');
INSERT INTO `world`.`creature_questender` (`id`, `quest`) VALUES ('27914', '27015');

-- 剑圣alter
INSERT INTO `world`.`quest_template` (`ID`, `QuestType`, `QuestLevel`, `MinLevel`, `QuestSortID`, `QuestInfoID`, `SuggestedGroupNum`, `RequiredFactionId1`, `RequiredFactionId2`, `RequiredFactionValue1`, `RequiredFactionValue2`, `RewardNextQuest`, `RewardXPDifficulty`, `RewardMoney`, `RewardBonusMoney`, `RewardDisplaySpell`, `RewardSpell`, `RewardHonor`, `RewardKillHonor`, `StartItem`, `Flags`, `RequiredPlayerKills`, `RewardItem1`, `RewardAmount1`, `RewardItem2`, `RewardAmount2`, `RewardItem3`, `RewardAmount3`, `RewardItem4`, `RewardAmount4`, `ItemDrop1`, `ItemDropQuantity1`, `ItemDrop2`, `ItemDropQuantity2`, `ItemDrop3`, `ItemDropQuantity3`, `ItemDrop4`, `ItemDropQuantity4`, `RewardChoiceItemID1`, `RewardChoiceItemQuantity1`, `RewardChoiceItemID2`, `RewardChoiceItemQuantity2`, `RewardChoiceItemID3`, `RewardChoiceItemQuantity3`, `RewardChoiceItemID4`, `RewardChoiceItemQuantity4`, `RewardChoiceItemID5`, `RewardChoiceItemQuantity5`, `RewardChoiceItemID6`, `RewardChoiceItemQuantity6`, `POIContinent`, `POIx`, `POIy`, `POIPriority`, `RewardTitle`, `RewardTalents`, `RewardArenaPoints`, `RewardFactionID1`, `RewardFactionValue1`, `RewardFactionOverride1`, `RewardFactionID2`, `RewardFactionValue2`, `RewardFactionOverride2`, `RewardFactionID3`, `RewardFactionValue3`, `RewardFactionOverride3`, `RewardFactionID4`, `RewardFactionValue4`, `RewardFactionOverride4`, `RewardFactionID5`, `RewardFactionValue5`, `RewardFactionOverride5`, `TimeAllowed`, `AllowableRaces`, `LogTitle`, `LogDescription`, `QuestDescription`, `AreaDescription`, `QuestCompletionLog`, `RequiredNpcOrGo1`, `RequiredNpcOrGo2`, `RequiredNpcOrGo3`, `RequiredNpcOrGo4`, `RequiredNpcOrGoCount1`, `RequiredNpcOrGoCount2`, `RequiredNpcOrGoCount3`, `RequiredNpcOrGoCount4`, `RequiredItemId1`, `RequiredItemId2`, `RequiredItemId3`, `RequiredItemId4`, `RequiredItemId5`, `RequiredItemId6`, `RequiredItemCount1`, `RequiredItemCount2`, `RequiredItemCount3`, `RequiredItemCount4`, `RequiredItemCount5`, `RequiredItemCount6`, `Unknown0`, `ObjectiveText1`, `ObjectiveText2`, `ObjectiveText3`, `ObjectiveText4`, `VerifiedBuild`) VALUES ('27016', '2', '62', '59', '-344', '0', '0', '0', '0', '0', '0', '0', '7', '100000', '0', '85900', '85900', '100', '0', '0', '200', '0', '0', '0', '0', '0', '0', '0', '0', '0', '0', '0', '0', '0', '0', '0', '0', '0', '0', '0', '0', '0', '0', '0', '0', '0', '0', '0', '0', '0', '0', '0', '0', '0', '0', '0', '0', '0', '0', '0', '0', '0', '0', '0', '0', '0', '0', '0', '0', '0', '0', '0', '0', '0', '血、剑与荣耀', '杀死地狱火城墙的瓦兹德传令官', '如果你能证明你的实力，就有资格获得这个奖励', '', '召唤虚灵商人完成任务', '17537', '0', '0', '0', '1', '0', '0', '0', '0', '0', '0', '0', '0', '0', '0', '0', '0', '0', '0', '0', '0', '消灭瓦兹德', '', '', '', '12340');
INSERT INTO `world`.`creature_queststarter` (`id`, `quest`) VALUES ('27914', '27016');
INSERT INTO `world`.`creature_questender` (`id`, `quest`) VALUES ('27914', '27016');

-- 恐惧魔王alter
INSERT INTO `world`.`quest_template` (`ID`, `QuestType`, `QuestLevel`, `MinLevel`, `QuestSortID`, `QuestInfoID`, `SuggestedGroupNum`, `RequiredFactionId1`, `RequiredFactionId2`, `RequiredFactionValue1`, `RequiredFactionValue2`, `RewardNextQuest`, `RewardXPDifficulty`, `RewardMoney`, `RewardBonusMoney`, `RewardDisplaySpell`, `RewardSpell`, `RewardHonor`, `RewardKillHonor`, `StartItem`, `Flags`, `RequiredPlayerKills`, `RewardItem1`, `RewardAmount1`, `RewardItem2`, `RewardAmount2`, `RewardItem3`, `RewardAmount3`, `RewardItem4`, `RewardAmount4`, `ItemDrop1`, `ItemDropQuantity1`, `ItemDrop2`, `ItemDropQuantity2`, `ItemDrop3`, `ItemDropQuantity3`, `ItemDrop4`, `ItemDropQuantity4`, `RewardChoiceItemID1`, `RewardChoiceItemQuantity1`, `RewardChoiceItemID2`, `RewardChoiceItemQuantity2`, `RewardChoiceItemID3`, `RewardChoiceItemQuantity3`, `RewardChoiceItemID4`, `RewardChoiceItemQuantity4`, `RewardChoiceItemID5`, `RewardChoiceItemQuantity5`, `RewardChoiceItemID6`, `RewardChoiceItemQuantity6`, `POIContinent`, `POIx`, `POIy`, `POIPriority`, `RewardTitle`, `RewardTalents`, `RewardArenaPoints`, `RewardFactionID1`, `RewardFactionValue1`, `RewardFactionOverride1`, `RewardFactionID2`, `RewardFactionValue2`, `RewardFactionOverride2`, `RewardFactionID3`, `RewardFactionValue3`, `RewardFactionOverride3`, `RewardFactionID4`, `RewardFactionValue4`, `RewardFactionOverride4`, `RewardFactionID5`, `RewardFactionValue5`, `RewardFactionOverride5`, `TimeAllowed`, `AllowableRaces`, `LogTitle`, `LogDescription`, `QuestDescription`, `AreaDescription`, `QuestCompletionLog`, `RequiredNpcOrGo1`, `RequiredNpcOrGo2`, `RequiredNpcOrGo3`, `RequiredNpcOrGo4`, `RequiredNpcOrGoCount1`, `RequiredNpcOrGoCount2`, `RequiredNpcOrGoCount3`, `RequiredNpcOrGoCount4`, `RequiredItemId1`, `RequiredItemId2`, `RequiredItemId3`, `RequiredItemId4`, `RequiredItemId5`, `RequiredItemId6`, `RequiredItemCount1`, `RequiredItemCount2`, `RequiredItemCount3`, `RequiredItemCount4`, `RequiredItemCount5`, `RequiredItemCount6`, `Unknown0`, `ObjectiveText1`, `ObjectiveText2`, `ObjectiveText3`, `ObjectiveText4`, `VerifiedBuild`) VALUES ('27017', '2', '60', '56', '-344', '0', '0', '0', '0', '0', '0', '0', '7', '100000', '0', '86009', '86009', '50', '0', '0', '200', '0', '0', '0', '0', '0', '0', '0', '0', '0', '0', '0', '0', '0', '0', '0', '0', '0', '0', '0', '0', '0', '0', '0', '0', '0', '0', '0', '0', '0', '0', '0', '0', '0', '0', '0', '0', '0', '0', '0', '0', '0', '0', '0', '0', '0', '0', '0', '0', '0', '0', '0', '0', '0', '诅咒之路', '杀死斯坦索姆的巴纳扎尔', '如果你能证明你的实力，就有资格获得这个奖励', '', '召唤虚灵商人完成任务', '10813', '0', '0', '0', '1', '0', '0', '0', '0', '0', '0', '0', '0', '0', '0', '0', '0', '0', '0', '0', '0', '消灭巴纳扎尔', '', '', '', '12340');
INSERT INTO `world`.`creature_queststarter` (`id`, `quest`) VALUES ('27914', '27017');
INSERT INTO `world`.`creature_questender` (`id`, `quest`) VALUES ('27914', '27017');

-- 深渊魔王alter
INSERT INTO `world`.`quest_template` (`ID`, `QuestType`, `QuestLevel`, `MinLevel`, `QuestSortID`, `QuestInfoID`, `SuggestedGroupNum`, `RequiredFactionId1`, `RequiredFactionId2`, `RequiredFactionValue1`, `RequiredFactionValue2`, `RewardNextQuest`, `RewardXPDifficulty`, `RewardMoney`, `RewardBonusMoney`, `RewardDisplaySpell`, `RewardSpell`, `RewardHonor`, `RewardKillHonor`, `StartItem`, `Flags`, `RequiredPlayerKills`, `RewardItem1`, `RewardAmount1`, `RewardItem2`, `RewardAmount2`, `RewardItem3`, `RewardAmount3`, `RewardItem4`, `RewardAmount4`, `ItemDrop1`, `ItemDropQuantity1`, `ItemDrop2`, `ItemDropQuantity2`, `ItemDrop3`, `ItemDropQuantity3`, `ItemDrop4`, `ItemDropQuantity4`, `RewardChoiceItemID1`, `RewardChoiceItemQuantity1`, `RewardChoiceItemID2`, `RewardChoiceItemQuantity2`, `RewardChoiceItemID3`, `RewardChoiceItemQuantity3`, `RewardChoiceItemID4`, `RewardChoiceItemQuantity4`, `RewardChoiceItemID5`, `RewardChoiceItemQuantity5`, `RewardChoiceItemID6`, `RewardChoiceItemQuantity6`, `POIContinent`, `POIx`, `POIy`, `POIPriority`, `RewardTitle`, `RewardTalents`, `RewardArenaPoints`, `RewardFactionID1`, `RewardFactionValue1`, `RewardFactionOverride1`, `RewardFactionID2`, `RewardFactionValue2`, `RewardFactionOverride2`, `RewardFactionID3`, `RewardFactionValue3`, `RewardFactionOverride3`, `RewardFactionID4`, `RewardFactionValue4`, `RewardFactionOverride4`, `RewardFactionID5`, `RewardFactionValue5`, `RewardFactionOverride5`, `TimeAllowed`, `AllowableRaces`, `LogTitle`, `LogDescription`, `QuestDescription`, `AreaDescription`, `QuestCompletionLog`, `RequiredNpcOrGo1`, `RequiredNpcOrGo2`, `RequiredNpcOrGo3`, `RequiredNpcOrGo4`, `RequiredNpcOrGoCount1`, `RequiredNpcOrGoCount2`, `RequiredNpcOrGoCount3`, `RequiredNpcOrGoCount4`, `RequiredItemId1`, `RequiredItemId2`, `RequiredItemId3`, `RequiredItemId4`, `RequiredItemId5`, `RequiredItemId6`, `RequiredItemCount1`, `RequiredItemCount2`, `RequiredItemCount3`, `RequiredItemCount4`, `RequiredItemCount5`, `RequiredItemCount6`, `Unknown0`, `ObjectiveText1`, `ObjectiveText2`, `ObjectiveText3`, `ObjectiveText4`, `VerifiedBuild`) VALUES ('27018', '2', '63', '61', '-344', '0', '0', '0', '0', '0', '0', '0', '7', '100000', '0', '85888', '85888', '100', '0', '0', '200', '0', '0', '0', '0', '0', '0', '0', '0', '0', '0', '0', '0', '0', '0', '0', '0', '0', '0', '0', '0', '0', '0', '0', '0', '0', '0', '0', '0', '0', '0', '0', '0', '0', '0', '0', '0', '0', '0', '0', '0', '0', '0', '0', '0', '0', '0', '0', '0', '0', '0', '0', '0', '0', '混乱之雨', '杀死鲜血熔炉的克里丹', '如果你能证明你的实力，就有资格获得这个奖励', '', '召唤虚灵商人完成任务', '17377', '0', '0', '0', '1', '0', '0', '0', '0', '0', '0', '0', '0', '0', '0', '0', '0', '0', '0', '0', '0', '消灭克里丹', '', '', '', '12340');
INSERT INTO `world`.`creature_queststarter` (`id`, `quest`) VALUES ('27914', '27018');
INSERT INTO `world`.`creature_questender` (`id`, `quest`) VALUES ('27914', '27018');

-- 凯尔萨斯
INSERT INTO `world`.`quest_template` (`ID`, `QuestType`, `QuestLevel`, `MinLevel`, `QuestSortID`, `QuestInfoID`, `SuggestedGroupNum`, `RequiredFactionId1`, `RequiredFactionId2`, `RequiredFactionValue1`, `RequiredFactionValue2`, `RewardNextQuest`, `RewardXPDifficulty`, `RewardMoney`, `RewardBonusMoney`, `RewardDisplaySpell`, `RewardSpell`, `RewardHonor`, `RewardKillHonor`, `StartItem`, `Flags`, `RequiredPlayerKills`, `RewardItem1`, `RewardAmount1`, `RewardItem2`, `RewardAmount2`, `RewardItem3`, `RewardAmount3`, `RewardItem4`, `RewardAmount4`, `ItemDrop1`, `ItemDropQuantity1`, `ItemDrop2`, `ItemDropQuantity2`, `ItemDrop3`, `ItemDropQuantity3`, `ItemDrop4`, `ItemDropQuantity4`, `RewardChoiceItemID1`, `RewardChoiceItemQuantity1`, `RewardChoiceItemID2`, `RewardChoiceItemQuantity2`, `RewardChoiceItemID3`, `RewardChoiceItemQuantity3`, `RewardChoiceItemID4`, `RewardChoiceItemQuantity4`, `RewardChoiceItemID5`, `RewardChoiceItemQuantity5`, `RewardChoiceItemID6`, `RewardChoiceItemQuantity6`, `POIContinent`, `POIx`, `POIy`, `POIPriority`, `RewardTitle`, `RewardTalents`, `RewardArenaPoints`, `RewardFactionID1`, `RewardFactionValue1`, `RewardFactionOverride1`, `RewardFactionID2`, `RewardFactionValue2`, `RewardFactionOverride2`, `RewardFactionID3`, `RewardFactionValue3`, `RewardFactionOverride3`, `RewardFactionID4`, `RewardFactionValue4`, `RewardFactionOverride4`, `RewardFactionID5`, `RewardFactionValue5`, `RewardFactionOverride5`, `TimeAllowed`, `AllowableRaces`, `LogTitle`, `LogDescription`, `QuestDescription`, `AreaDescription`, `QuestCompletionLog`, `RequiredNpcOrGo1`, `RequiredNpcOrGo2`, `RequiredNpcOrGo3`, `RequiredNpcOrGo4`, `RequiredNpcOrGoCount1`, `RequiredNpcOrGoCount2`, `RequiredNpcOrGoCount3`, `RequiredNpcOrGoCount4`, `RequiredItemId1`, `RequiredItemId2`, `RequiredItemId3`, `RequiredItemId4`, `RequiredItemId5`, `RequiredItemId6`, `RequiredItemCount1`, `RequiredItemCount2`, `RequiredItemCount3`, `RequiredItemCount4`, `RequiredItemCount5`, `RequiredItemCount6`, `Unknown0`, `ObjectiveText1`, `ObjectiveText2`, `ObjectiveText3`, `ObjectiveText4`, `VerifiedBuild`) VALUES ('27019', '2', '72', '70', '-344', '0', '0', '0', '0', '0', '0', '0', '7', '100000', '0', '85873', '85873', '100', '0', '0', '200', '0', '0', '0', '0', '0', '0', '0', '0', '0', '0', '0', '0', '0', '0', '0', '0', '0', '0', '0', '0', '0', '0', '0', '0', '0', '0', '0', '0', '0', '0', '0', '0', '0', '0', '0', '0', '0', '0', '0', '0', '0', '0', '0', '0', '0', '0', '0', '0', '0', '0', '0', '0', '0', '烈日之阳', '杀死魔导师平台的凯尔萨斯', '如果你能证明你的实力，就有资格获得这个奖励', '', '召唤虚灵商人完成任务', '24664', '0', '0', '0', '1', '0', '0', '0', '0', '0', '0', '0', '0', '0', '0', '0', '0', '0', '0', '0', '0', '消灭凯尔萨斯', '', '', '', '12340');
INSERT INTO `world`.`creature_queststarter` (`id`, `quest`) VALUES ('27914', '27019');
INSERT INTO `world`.`creature_questender` (`id`, `quest`) VALUES ('27914', '27019');


-- 魔兽装备alter
-- 艺人面罩
INSERT INTO `world`.`item_template` (`entry`, `class`, `subclass`, `SoundOverrideSubclass`, `name`, `displayid`, `Quality`, `Flags`, `FlagsExtra`, `BuyCount`, `BuyPrice`, `SellPrice`, `InventoryType`, `AllowableClass`, `AllowableRace`, `ItemLevel`, `RequiredLevel`, `RequiredSkill`, `RequiredSkillRank`, `requiredspell`, `requiredhonorrank`, `RequiredCityRank`, `RequiredReputationFaction`, `RequiredReputationRank`, `maxcount`, `stackable`, `ContainerSlots`, `StatsCount`, `stat_type1`, `stat_value1`, `stat_type2`, `stat_value2`, `stat_type3`, `stat_value3`, `stat_type4`, `stat_value4`, `stat_type5`, `stat_value5`, `stat_type6`, `stat_value6`, `stat_type7`, `stat_value7`, `stat_type8`, `stat_value8`, `stat_type9`, `stat_value9`, `stat_type10`, `stat_value10`, `ScalingStatDistribution`, `ScalingStatValue`, `dmg_min1`, `dmg_max1`, `dmg_type1`, `dmg_min2`, `dmg_max2`, `dmg_type2`, `armor`, `holy_res`, `fire_res`, `nature_res`, `frost_res`, `shadow_res`, `arcane_res`, `delay`, `ammo_type`, `RangedModRange`, `spellid_1`, `spelltrigger_1`, `spellcharges_1`, `spellppmRate_1`, `spellcooldown_1`, `spellcategory_1`, `spellcategorycooldown_1`, `spellid_2`, `spelltrigger_2`, `spellcharges_2`, `spellppmRate_2`, `spellcooldown_2`, `spellcategory_2`, `spellcategorycooldown_2`, `spellid_3`, `spelltrigger_3`, `spellcharges_3`, `spellppmRate_3`, `spellcooldown_3`, `spellcategory_3`, `spellcategorycooldown_3`, `spellid_4`, `spelltrigger_4`, `spellcharges_4`, `spellppmRate_4`, `spellcooldown_4`, `spellcategory_4`, `spellcategorycooldown_4`, `spellid_5`, `spelltrigger_5`, `spellcharges_5`, `spellppmRate_5`, `spellcooldown_5`, `spellcategory_5`, `spellcategorycooldown_5`, `bonding`, `description`, `PageText`, `LanguageID`, `PageMaterial`, `startquest`, `lockid`, `Material`, `sheath`, `RandomProperty`, `RandomSuffix`, `block`, `itemset`, `MaxDurability`, `area`, `Map`, `BagFamily`, `TotemCategory`, `socketColor_1`, `socketContent_1`, `socketColor_2`, `socketContent_2`, `socketColor_3`, `socketContent_3`, `socketBonus`, `GemProperties`, `RequiredDisenchantSkill`, `ArmorDamageModifier`, `duration`, `ItemLimitCategory`, `HolidayId`, `ScriptName`, `DisenchantID`, `FoodType`, `minMoneyLoot`, `maxMoneyLoot`, `flagsCustom`, `VerifiedBuild`) VALUES
('60101', '0', '4', '-1', '艺人面罩', '36521', '2', '0', '0', '1', '200', '50', '0', '-1', '-1', '1', '1', '0', '0', '0', '0', '0', '0', '0', '0', '200', '0', '0', '0', '0', '0', '0', '0', '0', '0', '0', '0', '0', '0', '0', '0', '0', '0', '0', '0', '0', '0', '0', '0', '0', '0', '0', '0', '0', '0', '0', '0', '0', '0', '0', '0', '0', '0', '0', '0', '0', '86010', '0', '-1', '-1', '1000', '0', '-1', '0', '0', '0', '0', '-1', '0', '-1', '0', '0', '0', '0', '-1', '0', '-1', '0', '0', '0', '0', '-1', '0', '-1', '0', '0', '0', '0', '-1', '0', '-1', '0', '', '0', '0', '0', '0', '0', '7', '0', '0', '0', '0', '0', '0', '0', '0', '16', '0', '0', '0', '0', '0', '0', '0', '0', '0', '-1', '0', '0', '0', '0', '', '0', '0', '0', '0', '0', '12340');

-- 加速手套
INSERT INTO `world`.`item_template` (`entry`, `class`, `subclass`, `SoundOverrideSubclass`, `name`, `displayid`, `Quality`, `Flags`, `FlagsExtra`, `BuyCount`, `BuyPrice`, `SellPrice`, `InventoryType`, `AllowableClass`, `AllowableRace`, `ItemLevel`, `RequiredLevel`, `RequiredSkill`, `RequiredSkillRank`, `requiredspell`, `requiredhonorrank`, `RequiredCityRank`, `RequiredReputationFaction`, `RequiredReputationRank`, `maxcount`, `stackable`, `ContainerSlots`, `StatsCount`, `stat_type1`, `stat_value1`, `stat_type2`, `stat_value2`, `stat_type3`, `stat_value3`, `stat_type4`, `stat_value4`, `stat_type5`, `stat_value5`, `stat_type6`, `stat_value6`, `stat_type7`, `stat_value7`, `stat_type8`, `stat_value8`, `stat_type9`, `stat_value9`, `stat_type10`, `stat_value10`, `ScalingStatDistribution`, `ScalingStatValue`, `dmg_min1`, `dmg_max1`, `dmg_type1`, `dmg_min2`, `dmg_max2`, `dmg_type2`, `armor`, `holy_res`, `fire_res`, `nature_res`, `frost_res`, `shadow_res`, `arcane_res`, `delay`, `ammo_type`, `RangedModRange`, `spellid_1`, `spelltrigger_1`, `spellcharges_1`, `spellppmRate_1`, `spellcooldown_1`, `spellcategory_1`, `spellcategorycooldown_1`, `spellid_2`, `spelltrigger_2`, `spellcharges_2`, `spellppmRate_2`, `spellcooldown_2`, `spellcategory_2`, `spellcategorycooldown_2`, `spellid_3`, `spelltrigger_3`, `spellcharges_3`, `spellppmRate_3`, `spellcooldown_3`, `spellcategory_3`, `spellcategorycooldown_3`, `spellid_4`, `spelltrigger_4`, `spellcharges_4`, `spellppmRate_4`, `spellcooldown_4`, `spellcategory_4`, `spellcategorycooldown_4`, `spellid_5`, `spelltrigger_5`, `spellcharges_5`, `spellppmRate_5`, `spellcooldown_5`, `spellcategory_5`, `spellcategorycooldown_5`, `bonding`, `description`, `PageText`, `LanguageID`, `PageMaterial`, `startquest`, `lockid`, `Material`, `sheath`, `RandomProperty`, `RandomSuffix`, `block`, `itemset`, `MaxDurability`, `area`, `Map`, `BagFamily`, `TotemCategory`, `socketColor_1`, `socketContent_1`, `socketColor_2`, `socketContent_2`, `socketColor_3`, `socketContent_3`, `socketBonus`, `GemProperties`, `RequiredDisenchantSkill`, `ArmorDamageModifier`, `duration`, `ItemLimitCategory`, `HolidayId`, `ScriptName`, `DisenchantID`, `FoodType`, `minMoneyLoot`, `maxMoneyLoot`, `flagsCustom`, `VerifiedBuild`) VALUES ('60102', '0', '4', '-1', '加速手套', '972', '2', '0', '0', '1', '200', '50', '0', '-1', '-1', '1', '1', '0', '0', '0', '0', '0', '0', '0', '0', '200', '0', '0', '0', '0', '0', '0', '0', '0', '0', '0', '0', '0', '0', '0', '0', '0', '0', '0', '0', '0', '0', '0', '0', '0', '0', '0', '0', '0', '0', '0', '0', '0', '0', '0', '0', '0', '0', '0', '0', '0', '86011', '0', '-1', '-1', '1000', '0', '-1', '0', '0', '0', '0', '-1', '0', '-1', '0', '0', '0', '0', '-1', '0', '-1', '0', '0', '0', '0', '-1', '0', '-1', '0', '0', '0', '0', '-1', '0', '-1', '0', '', '0', '0', '0', '0', '0', '7', '0', '0', '0', '0', '0', '0', '0', '0', '16', '0', '0', '0', '0', '0', '0', '0', '0', '0', '-1', '0', '0', '0', '0', '', '0', '0', '0', '0', '0', '12340');


-- 生命护符


-- 职业橙任务

-- GM岛起始alter
INSERT INTO `world`.`quest_template` (`ID`, `QuestType`, `QuestLevel`, `MinLevel`, `QuestSortID`, `QuestInfoID`, `SuggestedGroupNum`, `RequiredFactionId1`, `RequiredFactionId2`, `RequiredFactionValue1`, `RequiredFactionValue2`, `RewardNextQuest`, `RewardXPDifficulty`, `RewardMoney`, `RewardBonusMoney`, `RewardDisplaySpell`, `RewardSpell`, `RewardHonor`, `RewardKillHonor`, `StartItem`, `Flags`, `RequiredPlayerKills`, `RewardItem1`, `RewardAmount1`, `RewardItem2`, `RewardAmount2`, `RewardItem3`, `RewardAmount3`, `RewardItem4`, `RewardAmount4`, `ItemDrop1`, `ItemDropQuantity1`, `ItemDrop2`, `ItemDropQuantity2`, `ItemDrop3`, `ItemDropQuantity3`, `ItemDrop4`, `ItemDropQuantity4`, `RewardChoiceItemID1`, `RewardChoiceItemQuantity1`, `RewardChoiceItemID2`, `RewardChoiceItemQuantity2`, `RewardChoiceItemID3`, `RewardChoiceItemQuantity3`, `RewardChoiceItemID4`, `RewardChoiceItemQuantity4`, `RewardChoiceItemID5`, `RewardChoiceItemQuantity5`, `RewardChoiceItemID6`, `RewardChoiceItemQuantity6`, `POIContinent`, `POIx`, `POIy`, `POIPriority`, `RewardTitle`, `RewardTalents`, `RewardArenaPoints`, `RewardFactionID1`, `RewardFactionValue1`, `RewardFactionOverride1`, `RewardFactionID2`, `RewardFactionValue2`, `RewardFactionOverride2`, `RewardFactionID3`, `RewardFactionValue3`, `RewardFactionOverride3`, `RewardFactionID4`, `RewardFactionValue4`, `RewardFactionOverride4`, `RewardFactionID5`, `RewardFactionValue5`, `RewardFactionOverride5`, `TimeAllowed`, `AllowableRaces`, `LogTitle`, `LogDescription`, `QuestDescription`, `AreaDescription`, `QuestCompletionLog`, `RequiredNpcOrGo1`, `RequiredNpcOrGo2`, `RequiredNpcOrGo3`, `RequiredNpcOrGo4`, `RequiredNpcOrGoCount1`, `RequiredNpcOrGoCount2`, `RequiredNpcOrGoCount3`, `RequiredNpcOrGoCount4`, `RequiredItemId1`, `RequiredItemId2`, `RequiredItemId3`, `RequiredItemId4`, `RequiredItemId5`, `RequiredItemId6`, `RequiredItemCount1`, `RequiredItemCount2`, `RequiredItemCount3`, `RequiredItemCount4`, `RequiredItemCount5`, `RequiredItemCount6`, `Unknown0`, `ObjectiveText1`, `ObjectiveText2`, `ObjectiveText3`, `ObjectiveText4`, `VerifiedBuild`) VALUES ('27020', '2', '72', '70', '-344', '0', '0', '0', '0', '0', '0', '0', '7', '0', '0', '0', '0', '0', '0', '0', '200', '0', '0', '0', '0', '0', '0', '0', '0', '0', '0', '0', '0', '0', '0', '0', '0', '0', '0', '0', '0', '0', '0', '0', '0', '0', '0', '0', '0', '0', '0', '0', '0', '0', '0', '0', '0', '0', '0', '0', '0', '0', '0', '0', '0', '0', '0', '0', '0', '0', '0', '0', '0', '0', 'GM岛', '去GM岛找牧羊女', 'GM岛有很多值得探索的秘密，去岛上找到牧羊女', '', '召唤虚灵商人完成任务', '0', '0', '0', '0', '1', '0', '0', '0', '0', '0', '0', '0', '0', '0', '0', '0', '0', '0', '0', '0', '0', '找到牧羊女', '', '', '', '12340');
INSERT INTO `world`.`creature_queststarter` (`id`, `quest`) VALUES ('27914', '27020');
INSERT INTO `world`.`creature_questender` (`id`, `quest`) VALUES ('43501', '27020');

-- 追寻新的力量 a
INSERT INTO `world`.`quest_template` (`ID`, `QuestType`, `QuestLevel`, `MinLevel`, `QuestSortID`, `QuestInfoID`, `SuggestedGroupNum`, `RequiredFactionId1`, `RequiredFactionId2`, `RequiredFactionValue1`, `RequiredFactionValue2`, `RewardNextQuest`, `RewardXPDifficulty`, `RewardMoney`, `RewardBonusMoney`, `RewardDisplaySpell`, `RewardSpell`, `RewardHonor`, `RewardKillHonor`, `StartItem`, `Flags`, `RequiredPlayerKills`, `RewardItem1`, `RewardAmount1`, `RewardItem2`, `RewardAmount2`, `RewardItem3`, `RewardAmount3`, `RewardItem4`, `RewardAmount4`, `ItemDrop1`, `ItemDropQuantity1`, `ItemDrop2`, `ItemDropQuantity2`, `ItemDrop3`, `ItemDropQuantity3`, `ItemDrop4`, `ItemDropQuantity4`, `RewardChoiceItemID1`, `RewardChoiceItemQuantity1`, `RewardChoiceItemID2`, `RewardChoiceItemQuantity2`, `RewardChoiceItemID3`, `RewardChoiceItemQuantity3`, `RewardChoiceItemID4`, `RewardChoiceItemQuantity4`, `RewardChoiceItemID5`, `RewardChoiceItemQuantity5`, `RewardChoiceItemID6`, `RewardChoiceItemQuantity6`, `POIContinent`, `POIx`, `POIy`, `POIPriority`, `RewardTitle`, `RewardTalents`, `RewardArenaPoints`, `RewardFactionID1`, `RewardFactionValue1`, `RewardFactionOverride1`, `RewardFactionID2`, `RewardFactionValue2`, `RewardFactionOverride2`, `RewardFactionID3`, `RewardFactionValue3`, `RewardFactionOverride3`, `RewardFactionID4`, `RewardFactionValue4`, `RewardFactionOverride4`, `RewardFactionID5`, `RewardFactionValue5`, `RewardFactionOverride5`, `TimeAllowed`, `AllowableRaces`, `LogTitle`, `LogDescription`, `QuestDescription`, `AreaDescription`, `QuestCompletionLog`, `RequiredNpcOrGo1`, `RequiredNpcOrGo2`, `RequiredNpcOrGo3`, `RequiredNpcOrGo4`, `RequiredNpcOrGoCount1`, `RequiredNpcOrGoCount2`, `RequiredNpcOrGoCount3`, `RequiredNpcOrGoCount4`, `RequiredItemId1`, `RequiredItemId2`, `RequiredItemId3`, `RequiredItemId4`, `RequiredItemId5`, `RequiredItemId6`, `RequiredItemCount1`, `RequiredItemCount2`, `RequiredItemCount3`, `RequiredItemCount4`, `RequiredItemCount5`, `RequiredItemCount6`, `Unknown0`, `ObjectiveText1`, `ObjectiveText2`, `ObjectiveText3`, `ObjectiveText4`, `VerifiedBuild`) VALUES ('27021', '2', '72', '70', '-344', '0', '0', '0', '0', '0', '0', '0', '7', '0', '0', '0', '0', '0', '0', '0', '200', '0', '0', '0', '0', '0', '0', '0', '0', '0', '0', '0', '0', '0', '0', '0', '0', '0', '0', '0', '0', '0', '0', '0', '0', '0', '0', '0', '0', '0', '0', '0', '0', '0', '0', '0', '0', '0', '0', '0', '0', '0', '0', '0', '0', '0', '0', '0', '0', '0', '0', '0', '0', '0', '追寻新的力量', '在这个充满危险的世界里，保持强大是生存的法则。是时候追寻更强的力量了。', '追寻力量并不总是一帆风顺，有些人在这个过程中迷失了自己，而这些人都没有什么好下场，所以你要格外小心', '', '回到GM岛找牧羊女完成任务', '24664', '0', '0', '0', '1', '0', '0', '0', '0', '0', '0', '0', '0', '0', '0', '0', '0', '0', '0', '0', '0', '找到牧羊女', '', '', '', '12340');
INSERT INTO `world`.`creature_queststarter` (`id`, `quest`) VALUES ('43501', '27021');
INSERT INTO `world`.`creature_questender` (`id`, `quest`) VALUES ('43501', '27021');
UPDATE `world`.`quest_template` SET `RewardNextQuest` = '27022', `RewardMoney` = '150000', `ObjectiveText1` = '消灭凯尔萨斯' WHERE (`ID` = '27021');

-- 追寻新的力量 b
INSERT INTO `world`.`quest_template` (`ID`, `QuestType`, `QuestLevel`, `MinLevel`, `QuestSortID`, `QuestInfoID`, `SuggestedGroupNum`, `RequiredFactionId1`, `RequiredFactionId2`, `RequiredFactionValue1`, `RequiredFactionValue2`, `RewardNextQuest`, `RewardXPDifficulty`, `RewardMoney`, `RewardBonusMoney`, `RewardDisplaySpell`, `RewardSpell`, `RewardHonor`, `RewardKillHonor`, `StartItem`, `Flags`, `RequiredPlayerKills`, `RewardItem1`, `RewardAmount1`, `RewardItem2`, `RewardAmount2`, `RewardItem3`, `RewardAmount3`, `RewardItem4`, `RewardAmount4`, `ItemDrop1`, `ItemDropQuantity1`, `ItemDrop2`, `ItemDropQuantity2`, `ItemDrop3`, `ItemDropQuantity3`, `ItemDrop4`, `ItemDropQuantity4`, `RewardChoiceItemID1`, `RewardChoiceItemQuantity1`, `RewardChoiceItemID2`, `RewardChoiceItemQuantity2`, `RewardChoiceItemID3`, `RewardChoiceItemQuantity3`, `RewardChoiceItemID4`, `RewardChoiceItemQuantity4`, `RewardChoiceItemID5`, `RewardChoiceItemQuantity5`, `RewardChoiceItemID6`, `RewardChoiceItemQuantity6`, `POIContinent`, `POIx`, `POIy`, `POIPriority`, `RewardTitle`, `RewardTalents`, `RewardArenaPoints`, `RewardFactionID1`, `RewardFactionValue1`, `RewardFactionOverride1`, `RewardFactionID2`, `RewardFactionValue2`, `RewardFactionOverride2`, `RewardFactionID3`, `RewardFactionValue3`, `RewardFactionOverride3`, `RewardFactionID4`, `RewardFactionValue4`, `RewardFactionOverride4`, `RewardFactionID5`, `RewardFactionValue5`, `RewardFactionOverride5`, `TimeAllowed`, `AllowableRaces`, `LogTitle`, `LogDescription`, `QuestDescription`, `AreaDescription`, `QuestCompletionLog`, `RequiredNpcOrGo1`, `RequiredNpcOrGo2`, `RequiredNpcOrGo3`, `RequiredNpcOrGo4`, `RequiredNpcOrGoCount1`, `RequiredNpcOrGoCount2`, `RequiredNpcOrGoCount3`, `RequiredNpcOrGoCount4`, `RequiredItemId1`, `RequiredItemId2`, `RequiredItemId3`, `RequiredItemId4`, `RequiredItemId5`, `RequiredItemId6`, `RequiredItemCount1`, `RequiredItemCount2`, `RequiredItemCount3`, `RequiredItemCount4`, `RequiredItemCount5`, `RequiredItemCount6`, `Unknown0`, `ObjectiveText1`, `ObjectiveText2`, `ObjectiveText3`, `ObjectiveText4`, `VerifiedBuild`) VALUES ('27022', '2', '72', '70', '-344', '0', '0', '0', '0', '0', '0', '0', '7', '150000', '0', '0', '0', '0', '0', '0', '200', '0', '0', '0', '0', '0', '0', '0', '0', '0', '0', '0', '0', '0', '0', '0', '0', '0', '0', '0', '0', '0', '0', '0', '0', '0', '0', '0', '0', '0', '0', '0', '0', '0', '0', '0', '0', '0', '0', '0', '0', '0', '0', '0', '0', '0', '0', '0', '0', '0', '0', '0', '0', '0', '追寻新的力量', '在这个充满危险的世界里，保持强大是生存的法则。是时候追寻更强的力量了。', '打造新的力量需要一些祭品，收集它们', '', '回到GM岛找牧羊女完成任务', '0', '0', '0', '0', '1', '0', '0', '0', '0', '0', '0', '0', '0', '0', '0', '0', '0', '0', '0', '0', '0', '找到牧羊女', '', '', '', '12340');
INSERT INTO `world`.`creature_questender` (`id`, `quest`) VALUES ('43501', '27022');
INSERT INTO `world`.`creature_queststarter` (`id`, `quest`) VALUES ('43501', '27022');
INSERT INTO `auth`.`quest_template_addon` (`ID`, `MaxLevel`, `AllowableClasses`, `SourceSpellID`, `PrevQuestID`, `NextQuestID`, `ExclusiveGroup`, `BreadcrumbForQuestId`, `RewardMailTemplateID`, `RewardMailDelay`, `RequiredSkillID`, `RequiredSkillPoints`, `RequiredMinRepFaction`, `RequiredMaxRepFaction`, `RequiredMinRepValue`, `RequiredMaxRepValue`, `ProvidedItemCount`, `SpecialFlags`) VALUES ('26000', '0', '0', '0', '27021', '27022', '0', '0', '0', '0', '0', '0', '0', '0', '0', '0', '1', '0');
UPDATE `auth`.`quest_template_addon` SET `ID` = '27021', `PrevQuestID` = '0', `BreadcrumbForQuestId` = '27022', `ProvidedItemCount` = '0' WHERE (`ID` = '26000');
INSERT INTO `auth`.`quest_template_addon` (`ID`, `MaxLevel`, `AllowableClasses`, `SourceSpellID`, `PrevQuestID`, `NextQuestID`, `ExclusiveGroup`, `BreadcrumbForQuestId`, `RewardMailTemplateID`, `RewardMailDelay`, `RequiredSkillID`, `RequiredSkillPoints`, `RequiredMinRepFaction`, `RequiredMaxRepFaction`, `RequiredMinRepValue`, `RequiredMaxRepValue`, `ProvidedItemCount`, `SpecialFlags`) VALUES ('27022', '0', '0', '0', '0', '0', '0', '0', '0', '0', '0', '0', '0', '0', '0', '0', '0', '4');
UPDATE `auth`.`quest_template_addon` SET `SpecialFlags` = '4' WHERE (`ID` = '27021');


-- 欺诈者的混乱护腕
INSERT INTO `world`.`item_template` (`entry`, `class`, `subclass`, `SoundOverrideSubclass`, `name`, `displayid`, `Quality`, `Flags`, `FlagsExtra`, `BuyCount`, `BuyPrice`, `SellPrice`, `InventoryType`, `AllowableClass`, `AllowableRace`, `ItemLevel`, `RequiredLevel`, `RequiredSkill`, `RequiredSkillRank`, `requiredspell`, `requiredhonorrank`, `RequiredCityRank`, `RequiredReputationFaction`, `RequiredReputationRank`, `maxcount`, `stackable`, `ContainerSlots`, `StatsCount`, `stat_type1`, `stat_value1`, `stat_type2`, `stat_value2`, `stat_type3`, `stat_value3`, `stat_type4`, `stat_value4`, `stat_type5`, `stat_value5`, `stat_type6`, `stat_value6`, `stat_type7`, `stat_value7`, `stat_type8`, `stat_value8`, `stat_type9`, `stat_value9`, `stat_type10`, `stat_value10`, `ScalingStatDistribution`, `ScalingStatValue`, `dmg_min1`, `dmg_max1`, `dmg_type1`, `dmg_min2`, `dmg_max2`, `dmg_type2`, `armor`, `holy_res`, `fire_res`, `nature_res`, `frost_res`, `shadow_res`, `arcane_res`, `delay`, `ammo_type`, `RangedModRange`, `spellid_1`, `spelltrigger_1`, `spellcharges_1`, `spellppmRate_1`, `spellcooldown_1`, `spellcategory_1`, `spellcategorycooldown_1`, `spellid_2`, `spelltrigger_2`, `spellcharges_2`, `spellppmRate_2`, `spellcooldown_2`, `spellcategory_2`, `spellcategorycooldown_2`, `spellid_3`, `spelltrigger_3`, `spellcharges_3`, `spellppmRate_3`, `spellcooldown_3`, `spellcategory_3`, `spellcategorycooldown_3`, `spellid_4`, `spelltrigger_4`, `spellcharges_4`, `spellppmRate_4`, `spellcooldown_4`, `spellcategory_4`, `spellcategorycooldown_4`, `spellid_5`, `spelltrigger_5`, `spellcharges_5`, `spellppmRate_5`, `spellcooldown_5`, `spellcategory_5`, `spellcategorycooldown_5`, `bonding`, `description`, `PageText`, `LanguageID`, `PageMaterial`, `startquest`, `lockid`, `Material`, `sheath`, `RandomProperty`, `RandomSuffix`, `block`, `itemset`, `MaxDurability`, `area`, `Map`, `BagFamily`, `TotemCategory`, `socketColor_1`, `socketContent_1`, `socketColor_2`, `socketContent_2`, `socketColor_3`, `socketContent_3`, `socketBonus`, `GemProperties`, `RequiredDisenchantSkill`, `ArmorDamageModifier`, `duration`, `ItemLimitCategory`, `HolidayId`, `ScriptName`, `DisenchantID`, `FoodType`, `minMoneyLoot`, `maxMoneyLoot`, `flagsCustom`, `VerifiedBuild`) VALUES ('60002', '4', '1', '-1', '欺诈者的混乱护腕', '64361', '5', '8', '0', '1', '0', '0', '9', '256', '-1', '277', '0', '0', '0', '0', '0', '0', '0', '0', '0', '1', '0', '6', '45', '110', '7', '78', '5', '78', '32', '73', '31', '52', '36', '39', '0', '0', '0', '0', '0', '0', '0', '0', '0', '0', '0', '0', '0', '0', '0', '0', '162', '0', '0', '0', '0', '0', '0', '0', '0', '0', '88014', '0', '0', '0', '-1', '0', '-1', '0', '1', '0', '0', '-1', '0', '-1', '0', '0', '0', '0', '-1', '0', '-1', '0', '0', '0', '0', '-1', '0', '-1', '0', '0', '0', '0', '-1', '0', '-1', '1', '邪能天降！', '0', '0', '0', '0', '0', '7', '0', '0', '0', '0', '0', '35', '0', '0', '0', '0', '4', '0', '0', '0', '0', '0', '3752', '0', '375', '0', '0', '0', '0', '', '68', '0', '0', '0', '0', '12340');
INSERT INTO `world`.`spell_script_names` (`spell_id`, `ScriptName`) VALUES ('88014', 'spell_item_wlock_chaos_rain');
UPDATE `world`.`item_template` SET `socketColor_1`='0', `socketBonus`='0', `RequiredDisenchantSkill`='0', `DisenchantID`='0' WHERE `entry`='60002';



-- 1. 战士- 布洛克斯的勇气
delete from world.creature_queststarter where id=43501;
delete from world.creature_questender where id=43501;
delete from world.quest_template where ID>=27000;
INSERT INTO `world`.`creature_queststarter` (`id`, `quest`) VALUES ('43501', '27000');
INSERT INTO `world`.`creature_questender` (`id`, `quest`) VALUES ('43501', '27000');
INSERT INTO `world`.`quest_template` (`ID`, `QuestType`, `QuestLevel`, `MinLevel`, `QuestSortID`, `QuestInfoID`, `SuggestedGroupNum`, `RequiredFactionId1`, `RequiredFactionId2`, `RequiredFactionValue1`, `RequiredFactionValue2`, `RewardNextQuest`, `RewardXPDifficulty`, `RewardMoney`, `RewardBonusMoney`, `RewardDisplaySpell`, `RewardSpell`, `RewardHonor`, `RewardKillHonor`, `StartItem`, `Flags`, `RequiredPlayerKills`, `RewardItem1`, `RewardAmount1`, `RewardItem2`, `RewardAmount2`, `RewardItem3`, `RewardAmount3`, `RewardItem4`, `RewardAmount4`, `ItemDrop1`, `ItemDropQuantity1`, `ItemDrop2`, `ItemDropQuantity2`, `ItemDrop3`, `ItemDropQuantity3`, `ItemDrop4`, `ItemDropQuantity4`, `RewardChoiceItemID1`, `RewardChoiceItemQuantity1`, `RewardChoiceItemID2`, `RewardChoiceItemQuantity2`, `RewardChoiceItemID3`, `RewardChoiceItemQuantity3`, `RewardChoiceItemID4`, `RewardChoiceItemQuantity4`, `RewardChoiceItemID5`, `RewardChoiceItemQuantity5`, `RewardChoiceItemID6`, `RewardChoiceItemQuantity6`, `POIContinent`, `POIx`, `POIy`, `POIPriority`, `RewardTitle`, `RewardTalents`, `RewardArenaPoints`, `RewardFactionID1`, `RewardFactionValue1`, `RewardFactionOverride1`, `RewardFactionID2`, `RewardFactionValue2`, `RewardFactionOverride2`, `RewardFactionID3`, `RewardFactionValue3`, `RewardFactionOverride3`, `RewardFactionID4`, `RewardFactionValue4`, `RewardFactionOverride4`, `RewardFactionID5`, `RewardFactionValue5`, `RewardFactionOverride5`, `TimeAllowed`, `AllowableRaces`, `LogTitle`, `LogDescription`, `QuestDescription`, `AreaDescription`, `QuestCompletionLog`, `RequiredNpcOrGo1`, `RequiredNpcOrGo2`, `RequiredNpcOrGo3`, `RequiredNpcOrGo4`, `RequiredNpcOrGoCount1`, `RequiredNpcOrGoCount2`, `RequiredNpcOrGoCount3`, `RequiredNpcOrGoCount4`, `RequiredItemId1`, `RequiredItemId2`, `RequiredItemId3`, `RequiredItemId4`, `RequiredItemId5`, `RequiredItemId6`, `RequiredItemCount1`, `RequiredItemCount2`, `RequiredItemCount3`, `RequiredItemCount4`, `RequiredItemCount5`, `RequiredItemCount6`, `Unknown0`, `ObjectiveText1`, `ObjectiveText2`, `ObjectiveText3`, `ObjectiveText4`, `VerifiedBuild`) VALUES ('27000', '2', '82', '60', '0', '0', '0', '0', '0', '0', '0', '0', '7', '0', '0', '0', '0', '0', '0', '0', '200', '0', '60001', '1', '0', '0', '0', '0', '0', '0', '0', '0', '0', '0', '0', '0', '0', '0', '0', '0', '0', '0', '0', '0', '0', '0', '0', '0', '0', '0', '0', '0', '0', '0', '0', '0', '0', '0', '0', '0', '0', '0', '0', '0', '0', '0', '0', '0', '0', '0', '0', '0', '0', '0', '布洛克斯的勇气', '用勇气勋章证明你的勇气', '如果你能证明你的勇气，就有资格获得这个奖励', '', '去GM岛领取奖赏', '0', '0', '0', '0', '0', '0', '0', '0', '40753', '100', '0', '0', '0', '0', '0', '0', '0', '0', '0', '0', '0', '', '', '', '', '12340');
UPDATE `world`.`quest_template` SET `RequiredItemId2`='0', `RequiredItemCount1`='100' WHERE `ID`='27000';

-- Class Spells Clean


